Gene,Spearman_Correlation
Plek,0.3399423902673798
D330041H03Rik,0.3162359241177289
Lypd1,0.27644168720771817
Nr2f2,0.27404963913448704
Hebp1,0.26289839951995914
Pik3ip1,0.25244813518834375
Vmp1,0.2516565361194214
Gins3,0.2492316457556397
Peg10,0.24684150479278832
Bloc1s5,0.24447536185975624
Rnf152,0.2403872352641483
Mcee,0.23949841398312505
Shb,0.23688887920664475
Mme,0.2359800527789918
Trnt1,0.2351272436663264
Lig1,0.23436955255237563
Sass6,0.2301848472405661
Engase,0.22930536715655137
Dubr,0.22880119308650498
A730056A06Rik,0.22515740028207906
Rad54l,0.22514557610115177
Pknox1,0.22352603350064734
Fuca1,0.2226594821507534
Grk2,0.22263370552422576
Gdpd2,0.22248972262362926
Slc14a1,0.221345322959143
Shld2,0.22023811392577164
Rnf220,0.21639178598269512
Runx2,0.21622804456370026
Evi2a,0.2154551452754578
Gm41492,0.21499395260516607
Amz1,0.2145062766818143
Kif13b,0.21402462320790697
Tpmt,0.21269941500889503
Ddhd1,0.21200233390907378
Accs,0.20994190946063288
Pcx,0.20815520077100505
Igdcc4,0.20757969136452314
Mafb,0.20650362786490548
Robo1,0.2053733258668448
Dnmt3aos,0.20372905064977778
Pcyt1b,0.20322304405526004
Olig2,0.2029257535171188
Gas7,0.20193007904042504
Galm,0.19919561970283506
Rps27a,0.19885816292950553
Kank2,0.19881420405422956
Gm28756,0.1982482396119877
Tmem219,0.1982032408285796
Hs6st2,0.19751583305617978
Dner,0.19720850558597178
Gjc2,0.19640966697971846
Gm50323,0.19640966697971846
Ptpn18,0.19640966697971846
Gpr34,0.19615637664960367
Zfp395,0.1955356697562169
Ccn2,0.1937789954030173
Prr18,0.19229357887235793
Zpbp,0.19168309336750103
2900052N01Rik,0.1908377615334853
Trpv3,0.1908377615334853
Pdyn,0.1908377615334853
Npl,0.1908377615334853
6030407O03Rik,0.1906541277733318
Ak3,0.19020254812731285
Cnr1,0.1898562268763566
9530026P05Rik,0.1895190414112951
Sash1,0.1893161529854535
Cdh18,0.18877495703898353
Plekhh1,0.18802744898824802
Grik1,0.18700491001978983
Cdh8,0.18653037600354225
6530403H02Rik,0.1864568881479457
Tspan9,0.18584510445550761
Epb41,0.1858345638707683
Casp7,0.18574583053018823
Ska2,0.18502513768908185
Mthfd2l,0.18491464283885845
Plppr1,0.18484422912653267
Tmem255a,0.18442878543075417
Sox11,0.18439797113040352
Cpne8,0.18392190820540882
Map3k1,0.18333474303853484
Hs6st3,0.18306237617242402
Fam126a,0.18289487673604807
Gm16070,0.18247990336413558
Igsf6,0.18247990336413558
Tox,0.1820511856622115
Ccnq,0.1808846708302454
Npnt,0.18080659627709927
Cyp2j12,0.18064062781900062
Hsd11b1,0.18063152332016189
Ccp110,0.1804914337430129
Sdhaf1,0.1793841285019829
Il1rapl2,0.17718669166460838
Bmp2k,0.1771329715763476
Ube2cbp,0.17557798219346515
Rest,0.175473399594736
3830406C13Rik,0.17533676907431747
Ezr,0.17524735132705008
Tmem258,0.17485480272162332
BC006965,0.17412204519478588
Slc31a2,0.17389823711828875
C77080,0.1734447806913773
Egfem1,0.1733247826063303
Mpp7,0.17310898989315116
Gm3739,0.17289205969448943
Tmem64,0.17174655275770212
Utp6,0.17151957023405545
4930581F22Rik,0.17138316273599455
Tln1,0.17128113270910927
Pcdhga1,0.17094614417984208
Sema3c,0.17084922526295682
Kcnip1,0.16980788841614183
Rab32,0.16931743347808245
Gm5087,0.16913264079835577
Slc38a3,0.16863666411655104
Dhcr7,0.1682951304281172
Rarb,0.16817246254245813
Gm38304,0.16813060442272812
Atp8b5,0.16804493778400226
Pir,0.16780779123795558
Ttyh1,0.1676173820456138
Dusp10,0.16690155647474086
Gatad2a,0.16684493840090223
Rab3b,0.1667136859916854
Slc7a10,0.166497256384635
Rad54b,0.16576951649643953
Brca1,0.16569249761567284
Adcy5,0.1651260623465052
Gm42413,0.16491872543503028
Tfe3,0.16482707011058156
Caln1,0.16461296747963045
Acsbg1,0.1645922864433302
Ddah1,0.16365846285961536
Rpl7,0.16337216621722117
Ttn,0.16297823430231959
Farp1,0.16287729579447247
Erap1,0.1627639968222521
Zfp760,0.1627311896845838
Wnt5b,0.16239453771714385
Tnfsf13b,0.16230855264302166
Zfp882,0.16193653477598335
Inf2,0.16170347032288662
Gm7160,0.16108900450202468
Trim7,0.160557583860897
Fbxo32,0.16044201803261213
Lrmp,0.160192281579203
Birc3,0.160192281579203
Psme2,0.160192281579203
Foxc1,0.160192281579203
Fcgr3,0.160192281579203
Tlr13,0.160192281579203
Agt,0.160192281579203
Kcnk6,0.160192281579203
Naip2,0.160192281579203
Cmklr1,0.160192281579203
Il7r,0.160192281579203
Hk3,0.160192281579203
Pcsk5,0.15979755144298632
Cldn10,0.15977673708254425
Gm43848,0.15971336676951545
T2,0.15927990611642037
Kcnk13,0.15919497805243316
Nkx2-2os,0.15690135811699749
Sycp2,0.15685975984147907
Rp2,0.1568136531470234
Nqo2,0.15677475141671648
Galnt10,0.15658325546364182
Trpc6,0.15636776570367006
Slc46a3,0.15591752244384832
Adamtsl3,0.15585249803417017
A330008L17Rik,0.15528122703976233
Dhrs7,0.15495818222979255
Il15,0.1547936312642312
Pycard,0.15469884157380961
Btbd11,0.15440502215700977
Id2,0.1542927051805367
Sh3kbp1,0.15343316332932222
Celsr1,0.15342956263601346
1700028E10Rik,0.15334679148849575
Cat,0.15312731107935695
Mir99ahg,0.15312232546288082
Zgrf1,0.15221127933275125
9330117O12Rik,0.1519434427988372
Sorbs3,0.15187645135078096
Igf1,0.1518344234098533
5830416I19Rik,0.1518344234098533
Gm15155,0.15182419652177426
Commd9,0.15159950250234838
Cnn3,0.15148278677690127
Rabep2,0.15013562731606978
Cbwd1,0.14994981007491137
Rnaset2b,0.1497734405388016
Krtcap2,0.14946438432127754
Trim26,0.14912720814036887
B230354K17Rik,0.14871691326293723
Mast3,0.14838227416524247
Nr4a3,0.14786306019049306
Spry2,0.14779828179590418
Prcp,0.14726943480433613
Cav1,0.14719824195295103
Gm48508,0.14702665992403172
Wnt7a,0.1458223099555015
Gm10863,0.14560200824340122
Rnf182,0.1453315559176512
Zfp438,0.1451351376942376
Gm9968,0.14484433172860187
Egln3,0.14476759752209406
Klhl2,0.1437420422090167
Pold4,0.14367227808407473
Dab2,0.14351005660633745
Pygm,0.14347656524050356
Zic4,0.14347656524050356
Myo5b,0.14347656524050356
Penk,0.1433680085341945
Gldc,0.14307195398182504
B230118H07Rik,0.1426508259052616
Gabrr2,0.1420060521958481
3110009E18Rik,0.14150389291404472
Mmgt2,0.14131256090736588
Zfp119a,0.1402548592703408
Sulf2,0.13972187390449317
Ankub1,0.13968824866533036
Elfn1,0.139474683486736
Fstl5,0.13923105864017737
Npy,0.1388421412733863
Gm32036,0.13876720249250624
Dpf3,0.13821001580924328
Baz1a,0.13797464668823
Pde7b,0.13797157500838272
Gkap1,0.1374270612256465
Cntn5,0.13725665257567565
Gm9750,0.13721943947981946
Wwc1,0.13700642678402017
Tifa,0.1369727046838979
Glud1,0.13693211756137139
Hs3st2,0.13666632700925743
Pak1,0.13632706193764893
Glod4,0.1358787984751654
Nectin3,0.1356666863335223
Ldb2,0.13536034010984738
Lrrc39,0.1351187070711538
Morrbid,0.1351187070711538
Renbp,0.1351187070711538
Mal,0.1348820296940722
Zhx3,0.13475904715612563
3222401L13Rik,0.1344157992397499
Cadps2,0.13428865588705544
Slc24a2,0.1340915785992972
Cxcl14,0.1339848071394855
Tlr3,0.13388704381787625
Trim8,0.1337780887543025
Lrrc3,0.13328907969441164
Ormdl1,0.1332049301685161
Hapln1,0.13316924601504815
Trps1,0.13276354220896752
Syt6,0.1326075501717874
Nsdhl,0.1324803170380459
Kcnmb2,0.13233031888365987
2810403D21Rik,0.1319137446130631
Prox1,0.13101367393284372
Fgfr1,0.13088708161835833
Zfand6,0.13064733934474584
Tst,0.13045123703797976
Mctp2,0.1295468016249207
Hmga2,0.1295468016249207
Gm19500,0.12922087561856602
Sema6a,0.12921429912949112
Bach1,0.12894716967267975
Invs,0.12884379158878145
Gm40578,0.12878597991762042
1700019A02Rik,0.12872079528976335
Gas1,0.1286327509701397
Kcnc2,0.12813935132730178
Sall1,0.12806065017952045
Nfkbia,0.12800123935405858
Slc12a4,0.1277211487245025
Lta4h,0.12770864591389297
Pcdhgb4,0.12737962861133084
Golph3l,0.12724682796452672
Thsd7b,0.12708313027690352
C030018K13Rik,0.12676084890180414
Qrfpr,0.12676084890180414
Cyp4f15,0.12676084890180414
Gm45356,0.12676084890180414
Ddo,0.12676084890180414
Gm35552,0.12676084890180414
Grin2c,0.12676084890180414
Sspo,0.12676084890180414
Spef2,0.12676084890180414
Nat8f3,0.12676084890180414
Acaa2,0.12676084890180414
A830019P07Rik,0.12676084890180414
Gal3st4,0.12676084890180414
Irak3,0.12676084890180414
Klhl41,0.12676084890180414
Pdk4,0.12676084890180414
Sdk1,0.12673605923155726
Mettl24,0.1264527767340667
Zfp558,0.12644615657915548
Car14,0.1257008903899225
Myo1d,0.12515163054080367
Cdk5rap2,0.12497107990093595
Npas3,0.1248826836934025
Fam107b,0.12474360425317975
Sphk2,0.12465646237106087
Papss2,0.12460018922797947
Ghr,0.12444971656247601
Ly6e,0.12428481124745555
Sema3a,0.12419718150703399
Dusp6,0.12412578036786272
Car8,0.12389814664654195
Lats2,0.12378923212607483
Kmt5c,0.12352865901319002
Rgs20,0.1234709211833953
Tom1,0.12345218791223478
Spock3,0.12337226753791378
Scd1,0.12331146409602037
Prps1l3,0.12308654134998992
Tmem98,0.12269577002338602
Acadm,0.12252971798016177
Slc4a2,0.12152715990685369
Fgfr2,0.12139120794306213
Arhgap4,0.12136402371101689
A230001M10Rik,0.12130823390438854
Prox1os,0.12128944932100975
Pde3a,0.12126930787837145
Kcnn3,0.12113896769299436
Gpr176,0.12107857957871042
Tspan15,0.12073455839265358
Kirrel,0.12051242186602074
Ado,0.12047365202935452
Shtn1,0.11989947346916749
Zranb3,0.119577389914364
Bdnf,0.11953989940919839
Gm10644,0.11947866518594538
Qdpr,0.11873089413187415
Mobp,0.11852868948170375
Entpd1,0.11848048144405453
Vwc2,0.11847562522198533
Yes1,0.11830907397130332
Ezh2,0.11815492557219792
Gm13270,0.11779796949856039
Pecr,0.11774968900587686
Ano2,0.1175834462724116
Zfp113,0.11744105365283013
Olfml3,0.11723487874393607
Kctd3,0.11676387948204212
Rida,0.11672655109824259
Acvr1c,0.1166192109844558
Fbxo30,0.11659801713751654
Cdo1,0.11655161977261196
Lrp1,0.11628697571159782
Prpsap2,0.11618820247803087
Zfp607a,0.11590768165750305
Zfp119b,0.11550832787328524
Gsap,0.11521309798439956
Slc1a2,0.11512391848387081
Chst11,0.1150873065343042
Nrp2,0.11501863847351353
Git2,0.11456903181443039
Lamp1,0.11411757444385387
Il6ra,0.11393943800671526
Peli2,0.11381138736109919
Aim2,0.11367251612444179
Syt9,0.11344630580081569
Mgmt,0.11297835573212209
Stk10,0.11294032076906207
Fasn,0.11275666583138505
Gm5535,0.1125702250322542
Nmi,0.1125310115511915
Mtap,0.11246009235637064
Coch,0.11237171478731613
4930420G21Rik,0.11226265574105887
Pik3c2b,0.11219621287163498
Cab39l,0.11196306943336218
Serpinb1a,0.11182793635050407
Gm44866,0.11182793635050407
Aldh9a1,0.11178466526420125
Rhob,0.1117813265977833
Gm32061,0.11177189003290125
Cntfr,0.11153503710667795
Slc17a8,0.1115207534368457
Plagl1,0.1115207534368457
Fmnl3,0.1113309184655449
Traf2,0.11113798432653095
Smoc1,0.11078761895964452
Mgat4a,0.11056801264739462
Gbe1,0.11027974578207667
Por,0.11019108542933059
Fgd3,0.11019090993932644
B130024G19Rik,0.11004705072050774
Arhgap17,0.11001652590625978
4933406I18Rik,0.1097940698289028
Gm29488,0.10968917273182568
Grip1,0.10967964061623398
Gm16845,0.10955745394520304
Dennd2c,0.10955745394520304
Pcdh11x,0.10955298938504497
Arhgef4,0.10938017987430063
Tanc1,0.1091924446550206
Fkbp5,0.10899912707229856
Ppp1cc,0.10898084565734396
Cdh19,0.10884000098671205
Ptch1,0.10856862643728118
Tma16,0.1085393967606587
Zeb1,0.10851919700598721
Slit2,0.10832042060793881
Gm2164,0.10830082200003342
Kcnc1,0.10817106115813134
Tnfrsf11b,0.10811668295303496
Oard1,0.10805025007937251
Nt5e,0.1079891229151584
9330188P03Rik,0.10768199516817249
Tmem63a,0.10746405770573979
Plscr4,0.10742623936648635
Sbf1,0.10726254210633408
Gk,0.10721377216790624
Gm16759,0.10697682570934643
Zfp36l2,0.10681739565778607
Lifr,0.10664622145420781
Kctd12,0.10655750438372638
Shroom4,0.1064710356269615
Rbbp8,0.10635424819467952
Harbi1,0.10631240274797382
Nrp1,0.10599656131051093
1700017B05Rik,0.1056308549619177
Cmbl,0.1056308549619177
Trim30d,0.1056308549619177
Ttc28,0.10560169664716962
6530411M01Rik,0.10539193582685201
Hs3st4,0.10441493000089701
Micall1,0.10429342663251452
Gm48742,0.1042520166458263
Nek10,0.10366755547027501
Relb,0.10366755547027501
Apod,0.10354716312816954
mt-Nd4,0.10347943251150196
Tle1,0.10344827586206895
Nhlrc3,0.10336752728070174
Elf2,0.10316089209218787
Ptgs1,0.10310934371566555
Amd1,0.10309596413517393
Gm13684,0.10296772804443555
Kcnk2,0.1027246700661996
Gns,0.10252030477963844
Tram1,0.1024173136630443
H2-T23,0.10238691669370605
Myorg,0.10236768668783248
Map4,0.10231116389044981
Slc2a1,0.10221583080502528
Cybc1,0.10215933313736947
Ermn,0.10197052572611189
Mmd2,0.10194594438821815
Scml4,0.1018778811037436
Clic1,0.10187489677358415
Dglucy,0.10174013074120447
Mettl15,0.10134856773197096
Ubash3b,0.10117794676910445
Vwa1,0.10115806888541351
Rnf135,0.10109922092931894
Gm29502,0.10095045062495096
Npepl1,0.1008817073490873
Nhsl1,0.1008464959360619
H2-Ke6,0.10067445447238957
Ccdc122,0.10027583353240584
Fam129b,0.10022526351041468
Kif24,0.10014367815012307
Psme1,0.09992922107712099
Cebpb,0.09988787005439151
Ptprk,0.09965597249544207
Apcdd1,0.09942566648593228
Hes5,0.09887682961810548
Abca8a,0.09884375111592222
Eln,0.0988070733253178
Cdr2,0.09880595678316617
Ccdc141,0.09867233124788066
Plpp4,0.0985699320879153
Elmsan1,0.09847867263162853
0610009L18Rik,0.09842945939515164
Enho,0.09842625099667711
Slc36a1,0.09828148238145806
Matn2,0.0981561660350023
Flt3l,0.09815587052294468
Wdsub1,0.09792873985438383
Znrf2,0.09791049990989706
Gm12068,0.0978978590050394
Rfx2,0.0978978590050394
Galnt3,0.09766575980368443
Galnt6,0.09760784640024062
Ctss,0.09758739782906739
Ddx31,0.0975873484803979
Cryzl2,0.09754691600691745
Dguok,0.09750145319739129
Carns1,0.09729969699763977
Hnmt,0.09715575984082607
Ntn1,0.09670320569067942
Mdc1,0.09655436817114185
Slc9a2,0.09643041828962147
Picalm,0.09637328522130824
Mtus1,0.09637113755572085
Fstl1,0.0963609373929821
Sept4,0.09633213356527118
Gm43466,0.09631094697492634
Dram2,0.09627551154356377
Kcnj10,0.09615957173889515
Slit3,0.09615693413820707
Dchs1,0.09613947481335638
Gng12,0.09603468271461044
Rftn1,0.09600642257268997
Lrguk,0.09598753456378124
Adam12,0.09592806996447437
Efhd2,0.09588836190195833
Alk,0.09587906602948444
4930594M22Rik,0.09582200451777813
Pnp,0.09532442261922941
Mgp,0.09532104179602405
Dse,0.09523809523809523
Wasf2,0.09518529175284696
Gm17092,0.0951162338279753
Derl1,0.09498227500228607
Ppp1r16b,0.09495775167649827
Ier3,0.0947555516826579
Rel,0.09474600666150079
Ngf,0.09469438897679022
Sfmbt2,0.09462242183295272
Hsp90aa1,0.09455504959111118
Ccnd2,0.09439529246455178
Sned1,0.09422736697940655
AI987944,0.0940772650764675
Nkain3,0.0939961146064863
6330576A10Rik,0.09391984088438678
Tor1aip1,0.09379646820343847
Cbfb,0.09374184117274145
Mir670hg,0.0936612721638063
Esyt1,0.09337536609956089
Rspo2,0.09333468442576291
Ralb,0.0930729771197851
F3,0.09303538885875472
Gm6145,0.09284593873260728
Nkain4,0.0927854619401526
Chst7,0.09257354463786707
Mocs1,0.09255016483437521
Inpp5f,0.09253817262898308
Slbp,0.09230428428282154
Trf,0.09203878464919778
Rrp8,0.0919929123152318
Tll1,0.09187989564039803
Rab3c,0.09178765024626405
Col23a1,0.09177530298262668
Brinp3,0.09154507974857425
Foxn3,0.0914086663222749
Tspan4,0.09091767048297583
Atp13a4,0.09073847580412456
Mpp6,0.09061275830143571
Pgpep1,0.09052446783777893
Pcyt1a,0.09046083321560912
Bmyc,0.09037915674061833
Prodh,0.09035854789099683
Daam1,0.09031575279455581
Axl,0.09028528318279032
Synpr,0.09022401772984362
Lpp,0.09010889023642889
Pmp22,0.0900994942045651
Rab27b,0.09008620660755805
Fam107a,0.09006430394943937
Ryr3,0.0900327209482148
P2rx4,0.08994338612792868
Gm48770,0.08993781480763102
Gm32122,0.08993781480763102
9330158H04Rik,0.0899244590287763
Apobec3,0.08977745213943557
Ublcp1,0.08939049261789864
Tmc7,0.08934584008733919
Plxdc1,0.08926213940791508
Txndc16,0.08925198477209864
Mgat4c,0.08919942199673506
Tmem209,0.08904075754837598
Gm17249,0.08894179279936698
Epha3,0.08881563309986716
Pex5l,0.0885829231693673
Eif2ak2,0.08854663172794144
Mapk4,0.08848506780160625
Cspg5,0.0884441405202078
Paqr7,0.08822103223700058
Agbl3,0.08818444803790755
Aldh2,0.08812407921660229
Agap1,0.08799197634426548
Gm49708,0.08798208960761036
Kif18a,0.08793605315110256
Itprid2,0.08785759164781648
Rgs3,0.08784615277472767
Met,0.08780639432860057
Gab1,0.08744188154628409
Epha7,0.0874192049543133
Ndst3,0.08739615412094102
Tet1,0.0872374041523645
Pantr1,0.08682900424312255
Tmem196,0.08667637692086622
Cdh6,0.08662669931835155
Gja1,0.08638158082613474
Peak1,0.08636770828920837
Tmeff2,0.08624396271766276
Arhgap6,0.08614213390103209
Gm49085,0.08599786004549095
Clp1,0.08599786004549095
Mir142hg,0.08595779270892683
Trim12c,0.08595779270892683
Gm42756,0.08595779270892683
Abhd15,0.08595779270892683
Susd3,0.08595779270892683
Trim12a,0.08595779270892683
BC024978,0.08568807014021985
Epb41l4a,0.08566962325327415
Nfe2l2,0.08518775798033376
Nat8f1,0.08516275332201988
Ccdc117,0.08513337921117234
Pde8a,0.08507961687173386
Larp6,0.08498866311464126
Mxd4,0.08494628722071282
Cdk6,0.0848667119465368
Sez6l2,0.08467822384471028
Nova1,0.08443578096227868
Prdm16,0.08439836408753743
Fads2,0.08438361704680203
Tmcc2,0.08431014800059465
1110015O18Rik,0.08415054842839585
9930111J21Rik2,0.08403456055384828
Lgals9,0.08403456055384828
Tal1,0.08403456055384828
Gna15,0.08403456055384828
Rnase4,0.08403456055384828
Gm42567,0.08403456055384828
Gm48614,0.08403456055384828
Sik1,0.08403456055384828
Cmtm8,0.08403456055384828
Arhgap45,0.08403456055384828
Naglu,0.08403456055384828
Gm16023,0.08403456055384828
Arhgap27,0.08403456055384828
Bnc2,0.08403456055384828
Trim14,0.08403456055384828
Ms4a6b,0.08403456055384828
Ccdc125,0.08403456055384828
Naip5,0.08403456055384828
Crybb1,0.08403456055384828
Apobec1,0.08403456055384828
Gm36855,0.08403456055384828
Eng,0.08403456055384828
Zfp652os,0.08403456055384828
Pfn4,0.08396778165957472
Neat1,0.08395796149651351
Fam234a,0.0835290054497165
Srprb,0.08338578101065915
Atad3aos,0.08323737168114757
Parp12,0.08315752277115472
Mknk1,0.0831128979585895
Necab1,0.08308936086724394
Spry1,0.08307556335111538
Cp,0.08293916705224286
Ets1,0.08281038701949087
Fam114a1,0.08273326814305511
Bicc1,0.08267749553566446
Palld,0.08237731000396223
Pde1a,0.08232147052341152
Tcerg1l,0.08116209314643104
Mindy1,0.08115685590055215
Tlcd1,0.0808055912683537
Akap12,0.08069449848350611
Gm28175,0.08062569858699027
Trpc5,0.0804918388431858
Tspan7,0.0804808584101373
Ctso,0.08019983693686127
Cryab,0.08015952243280211
Otud7b,0.08003436405383292
Acsf2,0.07998775956087054
Gm3173,0.07998775956087054
Klf3,0.07990686873684988
Ldb3,0.079872119002655
Rfx3,0.07957397773857994
Brip1,0.0793576956802897
Gm32647,0.07919049996354717
Btg2,0.07914121232017252
Wars2,0.0790480121358708
Idh2,0.07895788229800915
Cotl1,0.0787857783706904
Mpp5,0.07864437891046859
Evc,0.0785559956688861
Daglb,0.07850859962424156
Tbc1d22a,0.07850830959427793
Tenm3,0.07849972839973517
Kifc3,0.07842987992073953
Yif1a,0.07816626826063724
Tmc6,0.07814466207892026
Plxdc2,0.07810998931716547
Dbf4,0.07810564850946378
4930522L14Rik,0.0778078169979202
Arhgef19,0.07777582586651416
Slain1,0.07777400625553353
Lrriq3,0.0777416912051727
Mid1,0.07765315384599411
Wrap53,0.07762888828250088
Zfp652,0.07736308581034164
Limch1,0.07699370591739123
Cyp27a1,0.0769888704672289
Garem1,0.07660522522105814
Kif15,0.07643120679568881
Tenm1,0.07623360683173314
Tmem123,0.07618136258727759
Podxl,0.07600773746216635
Gm28322,0.07600773746216635
Galnt4,0.07600773746216635
Edil3,0.07586061020057282
Fzd1,0.0756082748713315
Tbc1d4,0.0754589730699795
Pcdhgb7,0.07540346690328276
Bet1,0.07519559971007346
Rhpn2,0.07505715288375525
A330049N07Rik,0.07485602647471705
Chrm2,0.07473600073500508
mt-Co3,0.07470244396132233
Cmtm5,0.07466694061304378
Pnlip,0.07457769965009453
Maf,0.07456980192115586
Lipa,0.07441953156313726
G0s2,0.07439068499820278
D730003I15Rik,0.07436235973236827
Itih3,0.07421806309563492
Anxa4,0.07401772641281423
Islr,0.07401772641281423
Oprk1,0.07401772641281423
Fmo5,0.07390807962048593
Sfrp1,0.07379465050767334
Rps12,0.07363759611818789
Ctc1,0.07343342559988657
Cers2,0.0732720967214601
Gm14964,0.07309937726273427
Efnb3,0.07297120296859785
Slc26a11,0.07271342855107486
Slc39a12,0.07268976132663678
Mt1,0.07267134293188743
Col5a3,0.07261904277256058
1110059E24Rik,0.07257282101557164
Abcb1b,0.07245360260423934
Wdr5b,0.07234889945438033
Rgs5,0.07225476360399224
Elovl2,0.07225476360399224
Gm266,0.07225476360399224
Tbc1d31,0.07223702035317607
Specc1,0.07205338519645282
Il13ra1,0.07202771536346216
Bcl11b,0.07192783846188779
Arhgef40,0.07187562301420114
Atat1,0.0718440906690334
Ppp2r3a,0.07151388032772685
Polr3e,0.0714919875343966
Phyhd1,0.07140025227005593
Notch2,0.0712509532843118
Scoc,0.07106888399799949
Arhgap25,0.07058592902940115
Gm11266,0.07052822105269145
Sap30l,0.07046085983067796
Gm4107,0.07043687367810048
Arhgap18,0.07041795047646003
Ilk,0.07039314872770054
Csk,0.07038293738857115
Adamts16,0.07030033503273465
Samhd1,0.07016274874178602
Rhoq,0.07012105237756096
Gm16185,0.07002725774200298
P2rx7,0.06973112777536862
Mmut,0.0694485058963941
S1pr5,0.06906628151180408
Ctsa,0.06889619957008174
Cecr2,0.06888445912262985
Prrx1,0.06880380187765954
Gm33948,0.06854106264099188
Rcl1,0.06847369246523646
Stk24,0.06847301023534683
Eml3,0.06834250027730392
Dnah6,0.0683281646207069
E330020D12Rik,0.06822616682302815
Card19,0.06806891140509694
Jup,0.06798519169974787
Ptpn14,0.06796731670081102
Cenpk,0.06785663070767735
Cast,0.06778186064147047
Vat1l,0.06733525398326871
Slc6a11,0.06730840772502591
Syngr2,0.06720613134434422
Ccdc152,0.06720613134434422
Nek6,0.06719062060819157
Dtl,0.06718871656271758
Psd2,0.06709857598517692
Gm17178,0.06694352190893813
Pole2,0.06689591817326183
Slc26a2,0.06667940290007769
Megf11,0.06663297268212495
Adhfe1,0.06638453914200346
Slc44a5,0.06637965708180733
1700096K18Rik,0.06636486512906424
AW046200,0.06626322484853085
Garnl3,0.06624369265114124
Ints6l,0.06623463903877824
Tpp1,0.06611882777361344
Eps8l1,0.06602449935207302
Hacl1,0.06587969869184401
Dap,0.06580749580194906
Nmral1,0.06580664464677581
Txnl4b,0.06562388642895478
Cd101,0.06558670649267327
Rnf17,0.06558670649267327
Prima1,0.06557534425555331
Ostf1,0.06551800347987843
Eml1,0.06546491570206601
Gm43329,0.06534598117688435
Plekho2,0.06534598117688435
Sparc,0.06529469300772972
Akap13,0.06518069328397559
Tnfaip8,0.06517668618462313
Crlf3,0.06507384786426618
Pou3f4,0.06502816651113934
Mettl7a1,0.06496828926610204
Arrdc3,0.06476468514963699
Edem2,0.06472584379831285
Lcp2,0.06469985986449096
Mxi1,0.06465664439762318
Trib2,0.06457288220961384
Hs6st1,0.06452074147700865
Mcur1,0.06440663440173544
Cactin,0.06440156563742157
Zfp658,0.0643719494331412
Adam19,0.06425882990387109
Gm3468,0.0641370484702366
Tm6sf1,0.06413322293923843
Cacna2d2,0.06407850627133892
Vwc2l,0.06406767116605375
Gm41414,0.06406767116605375
Rxfp1,0.06406767116605375
Smap2,0.06400695160892292
Layn,0.06396728164100232
Prox2,0.06396728164100232
Nek3,0.06391109060028786
Pkib,0.06390404688718022
Eci2,0.06383233161061047
C030037D09Rik,0.0637294127245038
Mpeg1,0.06364458850026404
Rorb,0.0636274024986142
Nr6a1os,0.06358562405048339
Dtx4,0.06337347941456145
Dcps,0.06337277558749592
Rcbtb2,0.06305551622605977
Serpine2,0.06280896156014629
Tnni1,0.06280777686828441
Nox1,0.06271809399406124
Mt3,0.0626549655652801
N4bp2,0.0626257404973409
Cdk5rap3,0.0625424161865159
Hlf,0.06252965369836713
Esr1,0.06243826614577889
5033421B08Rik,0.06243826614577889
Trabd2b,0.06243826614577889
Gm16068,0.06234785678933138
Plod2,0.06222946261995101
Ptma,0.06210666461445246
AC163347.1,0.06207766011670166
Aass,0.06207766011670166
Gm1604a,0.061732535036028456
Akt2,0.06173009343782097
Hcn2,0.061690584243966944
Cyp3a13,0.061493184591897704
Cfap74,0.061478597834871335
Cldn34c1,0.061223144512406145
Ltbp1,0.061197417187496925
4930599N23Rik,0.06118812489447506
Loxl3,0.06117473349126963
Dnah7b,0.06109890286956319
Zfp710,0.06109057862775836
Nedd1,0.061086827478279634
4921504A21Rik,0.06105584061500926
Mtmr2,0.06102483042866655
Rgs9,0.06094455623092332
Ficd,0.06085973665536348
Lrp10,0.0608252959878963
Gm47071,0.06055335898072303
Slc25a21,0.060474966654136215
Slc9a3r1,0.060474966654136215
Etnppl,0.060474966654136215
Galnt5,0.060474966654136215
Gm41836,0.060474966654136215
Pdzph1,0.060474966654136215
Zfp691,0.060474966654136215
Itgb4,0.060474966654136215
Synpo2,0.060474966654136215
Ttc12,0.060474966654136215
Arx,0.06033122972030605
Pik3r1,0.0602538365923557
1700110C19Rik,0.06007196068765185
Nectin1,0.06007020700925665
Decr1,0.059995016173785505
Edem1,0.05969919131648125
Ect2,0.05943541569744203
Schip1,0.05914745603275643
Trim25,0.05914694235557642
Etfbkmt,0.05910900708598949
Zfp839,0.05906099973046192
A830018L16Rik,0.05895184664513398
Eps15,0.05884230224287499
Ttyh3,0.058754404373864845
Pcdhgc3,0.05864073558508035
Tpx2,0.05857953460864784
Apool,0.05857229673087819
1190005I06Rik,0.058485484052932385
Ctbp2,0.05835509611933505
C1qc,0.058225300902433066
Plod1,0.058210698165604584
Hsdl2,0.058080290383153474
Adamts3,0.05806126952129778
Tgds,0.058028728138634585
Elk3,0.057982919695035634
Fez2,0.057804647773309834
Nek7,0.05778600483393854
Pnpla7,0.057589789465823674
Hist1h2bc,0.057577118712787236
Smad7,0.05757571266113942
Itgb8,0.057558348892937775
Ndnf,0.05748958223431855
Usp24,0.057126128548963914
Lbr,0.057103222859415666
Snx15,0.05706991052331267
Clcn5,0.05706594949233314
Kif6,0.05704369871014335
Phldb1,0.05700558071295715
Fbn2,0.05687778268866215
Ggnbp1,0.0568517676446107
Ctnna1,0.05680071984891803
Rbfox3,0.0565653168150833
Adamtsl1,0.056556903501387853
Vsir,0.056531831048521344
Otulinl,0.056529301898158864
Snx30,0.05639613386607045
AC132307.1,0.05634894916620043
Pygb,0.05589946436955432
Ivd,0.0558759104940716
Ppdpf,0.05587015738264759
R74862,0.055831375020621875
Sntb1,0.05576073678456172
Ifngr1,0.05572135980415171
2610307P16Rik,0.05562065338794227
Pdgfc,0.055577044261264585
Ptgds,0.05555519813906161
Shisa6,0.05551320765027752
Dock11,0.055415642704679954
Adamts1,0.05529409311926014
Hapln2,0.055277000557410895
Mtrr,0.05494080763205399
Dusp26,0.054679479317229766
Adk,0.05467526538785234
Usp6nl,0.05448070594112872
Stil,0.05443638292902364
Cfap54,0.054375502541242814
Prlr,0.05429450077021101
Lrrc1,0.05418261494299472
Tmpo,0.054181318082206664
Zfhx4,0.054179221907692476
Syne2,0.054148311618708284
Wnt7b,0.05412602726808279
Insig1,0.05409893504104437
Gstm5,0.05385864747280153
Nfya,0.05380585844691231
Pbx3,0.05374850214967912
Plcxd2,0.05353319780942205
Lysmd4,0.05343362361210451
Slc48a1,0.05339121876544797
Zdhhc20,0.05325793045271946
Sirpa,0.05317600501301599
Eaf2,0.05291214472339104
Mapkapk2,0.05289573716474083
Ninj2,0.05271898449778579
Ror2,0.05263068218770299
Cntnap5b,0.05260323153554293
Col19a1,0.0524508952145384
Ccng2,0.052416249717808706
Ankrd44,0.05239385592474088
Afap1l1,0.052210497830084586
Arap1,0.05216169207937863
Cep192,0.05193119333673101
Cachd1,0.05191297572147977
Ccdc162,0.05183336604584264
Lamc1,0.05177119297788245
Aspa,0.051685506844127975
Gfra1,0.05160554420644157
Gm19522,0.0515359682067765
Suclg2,0.051447923777870296
Rab34,0.05144004009339478
9130019P16Rik,0.05139706243264371
Itga1,0.05134761922687329
Lcp1,0.051215836877146884
Dlg5,0.05121142925639885
Msmo1,0.051073968610399256
Creb5,0.051057316281080865
Rab8b,0.05094801866808112
Cntn2,0.050886774299996176
Fam228b,0.050869013892263025
Myo1e,0.050651796707245414
Hsd17b11,0.050581721153689356
Ndc80,0.050240661993712576
Crot,0.05023123674912736
Polg2,0.05019367516930882
Nnat,0.050181310153557576
Slc1a3,0.049998335546097845
Nr3c2,0.04996452395978391
Dlx1as,0.04987651410458349
Hes1,0.04986645144776398
Trp53,0.04959319123580808
2610316D01Rik,0.04952219780988485
Ccdc192,0.04937057385634664
Lgr5,0.049360997999719464
Mdfic,0.04916478440078054
Nmnat3,0.04915219509821423
Ddr1,0.04904349592686712
Pard3,0.04901642865481055
Prdm5,0.04883340941800163
Abhd12,0.04865137360150698
Lhpp,0.04837450320548238
2610203C22Rik,0.048195521564947476
Top2a,0.04819151747287138
Plcxd3,0.0480442635969588
Knl1,0.04803294384211232
Afap1,0.04802103683137652
Slc30a10,0.047862418986381314
Adam18,0.04785424066958256
Cmtm7,0.04772926488505853
Slc37a2,0.04772926488505853
Cd33,0.04772926488505853
Pld4,0.04772926488505853
Ctsh,0.04772926488505853
Zfp595,0.04763677253931974
Plce1,0.04759717899863226
Atp13a5,0.04756494398988983
Emc8,0.04755835722150078
Zfp976,0.04755687170197364
Plxnb2,0.04743333730080461
Acss1,0.04734014417553196
Hs3st1,0.04725494196620067
Alpl,0.046838761638899135
Phactr4,0.04661163741257778
Gm16223,0.04641757587532454
Unc5b,0.04635376873139154
4930558K02Rik,0.046286863052146215
Gm45025,0.0462147793291908
Ncf1,0.046153608272621924
Rhoh,0.046153608272621924
Adap2os,0.046153608272621924
Bcl2a1b,0.046153608272621924
Traf3ip3,0.046153608272621924
Pdlim1,0.046153608272621924
Il21r,0.046153608272621924
A630001G21Rik,0.046153608272621924
Bin2,0.046153608272621924
Sla,0.046153608272621924
Sema5b,0.04615210443505927
Greb1,0.046087955913770406
Cpne4,0.04596649480043812
Cacng4,0.04595988893406761
Atg10,0.045896432512676937
Eci1,0.04581355794495763
Gm33228,0.04580758270049237
Fermt2,0.045745007857421104
Kctd13,0.04571818014485138
Notch1,0.045697323008895306
Tubb2b,0.045645728255911386
Mastl,0.04559406800730911
Gpc4,0.04557520434817535
Zcchc24,0.04544683274958005
Rasgrp3,0.04537537943340795
Dpyd,0.04529757338329335
Klf15,0.04524116046671964
Ccdc62,0.04519455158561304
Scg3,0.04517208913744742
Tgfbr1,0.045028008730655364
Gen1,0.044984642345825276
Mir9-3hg,0.04496389150528324
March8,0.04471841527794715
Tec,0.044577951660185335
Itgb2,0.044577951660185335
Zeb2os,0.044577951660185335
Ccr5,0.044577951660185335
Nipal4,0.044577951660185335
Ebf3,0.044577951660185335
4930511M06Rik,0.044577951660185335
Il10ra,0.044577951660185335
Gm41333,0.044577951660185335
Csf2rb,0.044577951660185335
Ano1,0.044577951660185335
Cyp4f16,0.04445428332117435
Gm48371,0.04445428332117435
Slc7a11,0.04439878893957044
Fgf1,0.04439194595423986
Fgfrl1,0.044370707913567495
Hmgcl,0.04435677632282867
Tmem86a,0.04427115659005327
Utp14b,0.04424595688908676
Gdf11,0.04414663818331917
Zfp804a,0.04410005739016435
Slc2a12,0.04409871800459415
Sec14l5,0.04392093411140784
Zhx2,0.04390735868034159
Cavin4,0.0439015064633452
Tns1,0.043784826062118073
Wwtr1,0.043761366663540066
Rps24,0.04369330044106015
Fcrls,0.04349832282434199
Ly96,0.043461546556309016
Deptor,0.043440228236262736
Bnip3l,0.04321542027063599
Mylk,0.0431941985082629
2310015A10Rik,0.04312441990783088
2810002D19Rik,0.04312070800182683
Cenpp,0.04311078113434773
Gm11944,0.04310229501069771
Gm11110,0.043054141308053635
Slitrk2,0.042938465321996445
Iqck,0.04285467613744462
Zhx1,0.042665181185954464
Gm2237,0.04261238035613335
Sfxn5,0.04256728454002909
Epb41l5,0.0424840017333621
Mfge8,0.042216113150953326
2610020C07Rik,0.042070161497638855
Hibch,0.041925032772704825
Pepd,0.04191546948290658
Nwd1,0.04176981926215293
Pxdc1,0.0417486422122615
Bmp1,0.04154296392283852
Pon2,0.04142144130050863
Agbl1,0.041395392299706124
Tmem238,0.041225934629131974
Golm1,0.04118321468300054
BC028528,0.041164028999906045
Gm13481,0.041164028999906045
Sugct,0.04092207937193264
Nr4a2,0.04089028393736579
Trmt2b,0.04076441710002467
Unc13c,0.04053096239499005
Plcg2,0.040332167774022605
Tank,0.04027986108103286
Cln3,0.04003488634070209
Hip1,0.040010720033415305
Ppard,0.039990058396029815
2600014E21Rik,0.03969791737533909
Epha6,0.039685898098409646
4932443L11Rik,0.03967097604785803
Efhd1,0.039522720028617925
Ssbp1,0.03946326423406035
Nr1d1,0.03941802903160555
Ldb1,0.039402333421841185
Lama1,0.03907040332166056
Fabp7,0.0390269223819841
Sox10,0.03885385878219608
4930593A02Rik,0.03880387603316406
1700063D05Rik,0.03880387603316406
Cenpe,0.0386985295042235
Rpl23,0.03858952874842712
Gm16499,0.03858294653406443
Magi3,0.038506965012087856
Spidr,0.038437667044780084
Vtn,0.038328454861476194
Acan,0.03825489196860695
Runx1,0.03815703380925607
Elmod2,0.03811255480739792
D7Ertd443e,0.03808740393794236
Cercam,0.03807107447314063
D5Ertd615e,0.03805648401426721
Slc41a1,0.03801600652732553
Thsd7a,0.03798298333127806
Lhfp,0.03791997875493029
Pbxip1,0.03777600589853539
Slc22a21,0.03767724773871808
Pacrg,0.03761291095901217
Dock10,0.03761015529050826
Pou3f2,0.037594538145242135
Sox6,0.03758679943059909
Gjb1,0.0371874440494253
Gm5165,0.03713271448138606
Mtss1,0.03699371315169014
Ttll7,0.0369648039024897
Pola1,0.036918295810615884
Pde5a,0.03690418878880165
As3mt,0.03684831938099238
Tbxas1,0.0368346928733869
Gad2,0.03669394045716524
Pxmp2,0.036692176175416286
Abi3bp,0.03643705916259626
Pim3,0.03638482430757573
Glis3,0.03628557514579803
Grik4,0.03626087490026276
Oat,0.036187154786234466
Irf2bp2,0.036104724596269795
G630016G05Rik,0.03601818515973441
Sccpdh,0.03577206458123692
Rmdn2,0.035705118911801344
Vcam1,0.035589869253487116
Adamtsl4,0.03557101206568654
Grhl1,0.035543102912146955
Gm38604,0.03553961669908203
Sytl2,0.035468890587254685
Gpr156,0.03540457218822766
Daam2,0.03529026006407316
Prkg1,0.035197461457399826
Mms22l,0.03501999430230071
Lfng,0.034992707267862716
Fth1,0.034968604828867614
Ebf1,0.03495006137900589
Gm16337,0.034929371082651914
Mif4gd,0.03489033607109636
Mgme1,0.03478539956183691
Cd63,0.0347210130568316
Sept10,0.03470560981718143
Ttc32,0.034510371950029206
Cables1,0.0344817075309148
Ppp1r3c,0.034391967559900614
Crhbp,0.034391967559900614
Rhbdf1,0.03433119105933707
Atp8b1,0.03432036450332283
Gng11,0.03421045957282177
Tes,0.03418210411896667
Cpe,0.03411778450561005
Heg1,0.033947590438827384
Gm17655,0.033791049629564
Cfh,0.033682053457379714
Vsig10,0.03344912523823977
Kit,0.03344233437405593
B930095G15Rik,0.03335690372464723
Prc1,0.0333547693058421
Pou6f2,0.03329129504297397
Elavl2,0.03325567887091631
Cenpx,0.033241448324415966
Ifih1,0.03307897196790277
Adgrg2,0.032896060499878
Abhd4,0.03286701320583837
Fzd4,0.03281356926989688
Dhrs3,0.03281356926989688
Samd1,0.03281356926989688
Ccdc77,0.032790609158754466
Rapgef3,0.0327497062004055
Wdr44,0.03269508492104134
Hectd2os,0.032655357253918826
Psap,0.03264697115870893
Cdc42ep1,0.032526984977555524
Masp1,0.03249264183893286
Ldlr,0.03239165921038114
Aff2,0.0323119864888471
Ccdc93,0.03226335195148783
Hpgds,0.03223376435940907
Hs3st5,0.03217774077414679
Antxr2,0.03217442311693228
Zfp64,0.032162589958516105
Tafa1,0.032131889842072936
Ttc7,0.03208273626676843
Itgb3,0.03208273626676843
Tac1,0.03204972721884996
Blm,0.03202186369062158
Lpcat2,0.03194792571403205
Gm973,0.03186488156147123
Wdr76,0.03185763571649096
I830077J02Rik,0.031805676385918594
Lrrc9,0.031805676385918594
Gm16364-1,0.031797625803755176
Rpa2,0.031797625803755176
Pigs,0.03178998195658158
Dgkg,0.03172963420855188
Gng7,0.03168627411552212
Rnf180,0.03166928579546314
Tirap,0.031654388176167426
Trim59,0.03163579159705827
Sspn,0.031633706095170154
Gpr149,0.03158013860539096
Lypd6b,0.03157878460758342
Gab3,0.031521916784578774
Myo6,0.031147010837004805
Eogt,0.031119013132966868
Nim1k,0.031070619307483102
Cyp2j9,0.03087826536443205
Smc4,0.03085052740613575
Nynrin,0.03073780224028442
Zscan29,0.030623662805145824
Gm4221,0.030586259756545685
Melk,0.030553136388046482
Kif26a,0.030408034951089277
Ehd4,0.030341741858723303
Pip4k2a,0.03032282909983029
Gm6277,0.03015109121313321
Ciart,0.030113929147783734
Lrig3,0.030057741082510383
Mei4,0.029805106877490682
S1pr1,0.029739038676274428
Dchs2,0.02967486620088921
Lockd,0.02967149972009048
Klhl4,0.029460738901152944
Zfp488,0.029353319134343178
St6galnac5,0.029337074204207933
Ehhadh,0.0293152677111708
Kctd4,0.029268934262684655
Pex2,0.029260166838517728
Carhsp1,0.02923464058733464
Ube2d1,0.029140243271319286
Lrp5,0.029096256813734442
Nox4,0.029050603446775528
Fbxl7,0.028978190282321317
Xlr5a,0.028873010275389608
Fgd6,0.028839170548183503
Chsy1,0.028750019221755636
Rfwd3,0.028704541217618715
Adssl1,0.028602544339647634
Usp54,0.028487345175354423
Nhs,0.02845056986725332
Ddx60,0.028077333527979156
Cth,0.028033557229601085
Aox1,0.028033557229601085
Nxph1,0.027929417109547543
Rad51b,0.02791461412151067
Erlin2,0.02788911167927987
Lgals8,0.027856646554746112
Gpd2,0.02781785534316197
Tsix,0.02777690858287478
Slc27a1,0.027664814370042666
Gm26930,0.027612900603548693
Lrch1,0.027582526400487806
Gm38948,0.027498360570426483
Rgma,0.027486927513503255
Chadl,0.02741287813569217
Insc,0.027264385953706317
2810468N07Rik,0.027053212623897236
Sap25,0.02700500360759386
Myom1,0.02700500360759386
Col12a1,0.02700500360759386
Gm26703,0.02700500360759386
Gm19410,0.02700500360759386
Myo3b,0.02700500360759386
Il4ra,0.02700500360759386
Crispld1,0.02700500360759386
Arsg,0.026946943795552174
Gm32849,0.026848586086482273
Zdhhc9,0.026833279870778423
Zic5,0.02672051005257059
Acot11,0.02672051005257059
Bcl2l1,0.02670489553709761
Neto2,0.02663166270442774
Sh3bgrl,0.02660195169485865
Lrp4,0.026545411858562195
Sowahc,0.026078744436265403
Clhc1,0.02606258863192911
Slc16a12,0.026003199982135235
Rpl19,0.02591795986647856
Hhip,0.02584100780953868
Aldh1l2,0.02580528221116956
Zfp521,0.025740382609136275
Gab2,0.02563931337627139
Gm27010,0.025572274358759577
Irs2,0.025494249712921847
Nr2c1,0.02548057307617841
Alcam,0.02542144777740089
Fzd6,0.025407462875540097
Etohd2,0.025407462875540097
Fhdc1,0.025407462875540097
Gm47710,0.025407462875540097
Cacna2d4,0.025407462875540097
Eva1c,0.025407462875540097
Eva1a,0.025407462875540097
Gm28981,0.025407462875540097
Tmem159,0.025407462875540097
Gpr62,0.025407462875540097
Tmem51,0.025407462875540097
Phkg1,0.025407462875540097
Prkd1,0.02517195365325885
Kif26b,0.025039791553332243
Rpl18a,0.02494732729420297
G6pdx,0.02494044064095534
Utrn,0.024832255388606856
Gm4876,0.02480298982116536
Wls,0.024783320552068288
Mylip,0.02472262012053011
Folh1,0.024715289660584647
Meis1,0.02469545443006728
Galnt7,0.024668087751733247
Wipi1,0.024658415193364425
Pcsk1,0.024599631121401427
Abcb4,0.024512184355330233
Eps8,0.02423022613599266
Tmcc3,0.024220627778507833
Hps3,0.02417551582962005
Cipc,0.024169121062935908
Cyp2j8,0.02414662400878553
Chrac1,0.02410886541324379
Ppp4c,0.024057090532130565
A930009A15Rik,0.0240362873874704
Pip5k1b,0.023774891263977953
Fam117a,0.023672934625498864
Litaf,0.02367206981675132
Xylt1,0.02366094617747011
Col18a1,0.023495061038148215
Sgcd,0.02346156546324411
Mpzl1,0.023295306185036467
Tmod2,0.023108332730744488
Gramd3,0.02307505782464266
Dbi,0.022976722974849012
Cntnap4,0.022908706272069375
A330015K06Rik,0.022816697804558028
Gabrg1,0.02274219912258508
Sox4,0.0227384222594906
mt-Nd4l,0.022622942875384005
AW146154,0.02261846943731353
Mavs,0.022580078477375077
Nmbr,0.022580078477375077
Rhoj,0.02256903709035154
H2afv,0.02249936662561283
Rinl,0.022493428290558243
Slc12a2,0.0224652414913287
Gnai2,0.022423739705822496
Tprkb,0.022403917439976016
Itpk1,0.022402160883918363
Tnc,0.02237529527219726
Ppp1r21,0.022191902196407327
Gprc5b,0.02201169105964925
Colgalt2,0.021989769319509665
Spns2,0.02194018685429288
Bhlhe40,0.021891843577859203
Mboat1,0.0218748667002524
Calcrl,0.02181204103756449
Sema5a,0.02181074356942879
Trpm3,0.021796093438648575
Cd53,0.021755272816436997
Rin3,0.021755272816436997
Aplp1,0.021726953195706777
Angel1,0.021667061685064624
R3hcc1l,0.021572423109104316
Klhl25,0.021544325699493338
Lmo3,0.021531188197485746
Asb5,0.021503904108631396
Rpl18,0.021346105289074345
Adora2b,0.020818532149791093
Ppfibp2,0.02080852668861076
Alpk1,0.020754291591313756
Gpx7,0.020749005206211545
Snx29,0.02067774518935966
Phlpp1,0.02066312396213151
Oma1,0.020603002736121822
Mcc,0.020562651313980034
Nkd1,0.02045221520695051
Ccn1,0.020416354960229314
Zfp536,0.020411857322621355
Klhl6,0.020386059841975925
Gm35154,0.020386059841975925
Vav1,0.020386059841975925
Gm49519,0.020319500877939625
Gm43330,0.020312870329748083
Ttf2,0.0203122473654132
Neto1,0.02019946400076505
Gm14798,0.01997754675605066
Gpr37l1,0.019897784537446294
Lonrf3,0.019848576150782418
Ech1,0.019784090848148295
Prr5l,0.01960064065933146
Atp10b,0.01942807412178557
Lims2,0.019394183019959522
Gxylt1,0.019388629240637764
Ephb1,0.01933146147564988
Rgcc,0.01925118714562504
Rpl11,0.019246661019760244
Afap1l2,0.01919827376883057
Rmst,0.019171214066154064
Znrf3,0.019104477166829132
Prkcd,0.019016846867514856
Ddx51,0.019016846867514856
Nudt7,0.019016846867514856
Fcer1g,0.019016846867514856
Gm26520,0.019016846867514856
Adcy7,0.019016846867514856
Abi3,0.019016846867514856
Nid2,0.019016846867514856
Gm20539,0.019016846867514856
Palb2,0.01896930475034607
Spon1,0.018777336522774257
Bmp7,0.01874001727890272
Gm28320,0.018447938556226274
Arl10,0.01828803182703669
Npas1,0.018287362872575208
Fabp5,0.018192484561332246
a,0.01818776696338587
Rps29,0.018184393363937422
Smc2,0.01816563057876506
Zfp229,0.018161654033486865
Cyb5d2,0.018137466804990184
Clybl,0.018052685405037117
Elmo1,0.018033185827573423
Dock1,0.017974177732688463
Rab22a,0.01795584793787869
Aga,0.01791903733637027
Parp4,0.017901980097829777
Pid1,0.017845308621908796
Xrcc5,0.017777057032701844
Tmem273,0.017647633893053787
Lpxn,0.017647633893053787
Vegfd,0.017647633893053787
Havcr2,0.017647633893053787
BC035044,0.017647633893053787
Pik3cg,0.017647633893053787
Gm26740,0.017647633893053787
Abcc3,0.017647633893053787
Sqor,0.017647633893053787
Myo18b,0.017647633893053787
Slc7a7,0.017647633893053787
Tmem268,0.017647633893053787
Rgs10,0.017647633893053787
2010001A14Rik,0.017647633893053787
BB557941,0.017619108622752514
Htr2c,0.017612099389532822
Col27a1,0.01745435523725617
Mtfr1,0.017408618441590376
Apaf1,0.017243644620352275
Phgdh,0.017169646702714623
Abcg2,0.01695369850571384
mt-Nd3,0.016821763838911277
Kank1,0.016749040882735433
C1qb,0.01669285026775065
Cryl1,0.016650753980053803
Lzts2,0.016626265264164372
Gm15283,0.016590766118166927
Arrb2,0.01642020265210752
Ptrh2,0.01628831502786045
Fnbp1,0.016286277406747655
Pigv,0.016283878844285952
Snapin,0.01621571694037517
Gpc6,0.01616101594117629
Qpct,0.016034468453338054
Poc1b,0.015920361296254456
Gpld1,0.01586980727305497
Dcdc2a,0.01578728087042475
Commd1,0.015707103027352523
Esrrg,0.015665573451246983
Galnt14,0.0156032433137381
Syne3,0.015582472902375999
Cep152,0.015564488513615393
Trp53i11,0.01551516381376949
Retreg1,0.015501237784660393
Inpp4b,0.015487191529068361
Adipor2,0.015381826870744882
Inava,0.015110559081416352
Plekhb1,0.014967534336018993
Fam214a,0.01494004265248951
Nphp3,0.014924631461544255
Cuedc1,0.014886270730461755
Prrg1,0.014886101779291096
Fads6,0.014635781273832743
Pacsin3,0.014607096008080703
Rap1a,0.014554117082774116
Eloa,0.014525031739981636
Synj2,0.014509931779495491
Crnde,0.014336557763412748
Parpbp,0.014245982094943621
Vegfc,0.014240219617783208
Zmat4,0.014172128589357716
Dcbld1,0.014047965615779142
Stmn4,0.013985909717607013
Mef2a,0.013936812304297462
Josd2,0.013807529572715372
Ptgr2,0.01376725817668665
Zfp758,0.013745767547721293
Pwwp3a,0.013720426855137776
Lhfpl3,0.013714614991066385
Gm29642,0.013708406019794851
Itga6,0.013609437104733805
Tnfaip6,0.013492564838643075
Mog,0.013484262153059041
Cfap97d2,0.013425893888465486
Mag,0.013413650382987988
Igsf11,0.013315398791678153
Slc16a10,0.013283972342628906
Vstm4,0.013261315931156792
Tmem100,0.013246098240399873
Pts,0.013064316428872397
Cdh7,0.013051866250112126
Ttll5,0.013022514294918373
Prkcq,0.01301860218441942
Tafa4,0.012957018091986686
Svil,0.012852674537638909
Plekha2,0.012758543598757294
Atp11c,0.012698280414224966
Tmem176b,0.01255477750290125
Ntng1,0.012545299768333136
Tmem47,0.012306910299007549
Angpt1,0.012203141429571565
Vip,0.012200619258375676
Grm1,0.012152773601308967
Gltp,0.012081328493456084
Rab31,0.012076826651065862
Pde1c,0.012024226827125613
Flt1,0.011885529292196785
Kndc1,0.01155323842109969
Htr1f,0.011378616526746686
Enox2,0.011298690001396801
Dleu2,0.011237714361521597
Swap70,0.011045160274175297
Itgav,0.010983082327223772
B4galt4,0.010923810266220082
Sdc4,0.010906024298596126
Ints4,0.010788319124260546
Tcf7l1,0.010631682462038959
Map3k8,0.010630417398940805
Irf1,0.010588486692522653
Ptn,0.010522079534954642
Gli3,0.010485310208308061
Trp53i13,0.0104281390398157
Mob3a,0.0104281390398157
Maml3,0.010414589824343899
Depdc1b,0.010325354662724657
Tpcn1,0.010312364528877412
Krcc1,0.010206666316917079
Rpl29,0.010065657242338098
Myo1b,0.010031766140512046
Prrc1,0.009963270002751067
CAAA01118383.1,0.00986760886535836
4930544I03Rik,0.009816698829178221
Scel,0.009794626481793071
Zfp219,0.009776323515147938
Whrn,0.009760626709430877
Cntnap5a,0.009698034953013097
Bcl10,0.00965172559376681
Fau,0.009643077993599425
Clic4,0.009625072918599396
Rdh5,0.009608907167620686
Gm19605,0.009557705175608498
Gsto2,0.009557705175608498
Armh4,0.00933371248718119
Gm33037,0.009232679154178464
Cxxc5,0.00922535505346838
Airn,0.00920785594703498
Sh3bp1,0.009199291231523181
Ptchd4,0.009181408456782413
Glul,0.008869528902212554
Disp3,0.00878886112082417
Hist1h2be,0.008614994416907905
Gm2115,0.008537854068757608
Amer2,0.008471326293785256
Sipa1l2,0.008405267686810153
Cd180,0.008370192281908894
Gm16196,0.00827765537530379
Smc1a,0.008001770728759969
Tmem178,0.007972881704579252
Piezo1,0.00783494090941612
Pitpnc1,0.007802632233450516
St5,0.007528477939883872
Cep57,0.007470633580622534
Bend7,0.007377207549807925
Col24a1,0.006997605574999079
Fkbp7,0.00694640358298689
Fbln1,0.00694640358298689
Ppp1r14a,0.006775293248731786
Tsc22d4,0.0065197264930764165
Vegfa,0.00651418551417299
Ormdl2,0.006507084472953918
Ddx3y,0.006425913958673546
Fnip2,0.006406230274874016
Fign,0.006303733048704287
Shc4,0.006256609383897753
Mis18bp1,0.006150698131466943
Shc1,0.006101926383128485
H1f0,0.006074515508134189
Pde3b,0.006057476915987999
Rad18,0.005976412678109399
Ccbe1,0.005887509708133762
Dscaml1,0.0058762816425736554
Thsd4,0.005842068537751395
Nckap5,0.005833647626838932
Dtna,0.005828512941047232
Grn,0.005801149767872225
Dock5,0.00579938003329968
Mcm9,0.005721607681375717
5430403G16Rik,0.005656106546352644
Atp7a,0.0055830833851141445
Gm16201,0.005532838966007574
Agps,0.00551282382221612
Ofd1,0.005448737261794966
Frmd4a,0.005421270211256945
Zswim5,0.005339079842455894
Nadk2,0.005335571500463622
Tnfaip3,0.005239141312000343
1700123O20Rik,0.005239141312000343
Fhit,0.005216153417794238
Rnf13,0.005188066010682829
Maml2,0.0051550968519795525
Gm10687,0.005039464419891437
Rgs2,0.005004059484407782
Gng10,0.004837342042158196
Onecut2,0.004801753834047502
Pard6g,0.004705853676692953
Adamts2,0.004677734309802723
Endod1,0.004562284307069037
Hif3a,0.004526009554468536
Snx24,0.004514314920867391
Mybl1,0.004489188335548206
Parp8,0.00441802268742985
Trim13,0.004315547532534532
Trim36,0.0042875477268424335
Degs1,0.004231570718731379
Cdh9,0.004158582260593798
Elmod3,0.004154386448955497
Il6st,0.004078766172679122
Rpl39,0.004062475244332588
Golim4,0.003978508011764364
B3galt5,0.003907809339627727
Helb,0.003842863094404861
Kcnip3,0.0037377724466442354
Sema3e,0.0036106919584583197
Cep68,0.0035852978092316625
Maob,0.0033849987424176445
Gemin8,0.003161460852425724
Gm28501,0.0031574561740849503
Irak4,0.0031574561740849503
2210016F16Rik,0.0031574561740849503
1600002K03Rik,0.0031574561740849503
Zfp984,0.0031233215127434914
Nhej1,0.0030695004053841552
Anp32b,0.0030617554348988593
Pantr2,0.0030539653444413813
Col25a1,0.0030512073910883676
A930005H10Rik,0.00301438247429937
Tubb4a,0.0029877257810686586
Slc16a1,0.0028616077837857706
Plcl1,0.0028615313690412043
Col11a2,0.002853910337457286
Efcab11,0.002695751722904065
Gpc5,0.002668509387128028
2810402E24Rik,0.002665756300484843
Tnfrsf11a,0.002481698516210689
Uaca,0.002481698516210689
Prss12,0.002481698516210689
Ddit3,0.002481698516210689
Frmpd4,0.0024508396724130066
Ttc9c,0.0023817931898468692
Efs,0.002380942735710169
Sorcs3,0.0023266656925849047
St6galnac3,0.0022506250547349666
Mki67,0.0022200308306268767
Osbpl11,0.0021343623025443965
Stard9,0.0020741406484648347
Mbp,0.002060913184706332
Arhgef26,0.002058930526223564
Stard6,0.00204019130417206
4833422C13Rik,0.0018997906079096225
Sncaip,0.0018661348965612042
Cd84,0.0018262043817680524
Ctnna3,0.0017736152153099518
Foxo1,0.0017724069852901585
mt-Atp8,0.0017555040082975662
Ccdc15,0.0017001300365214786
Grm8,0.0016712785564617267
Ntng2,0.0016320260382001836
Nfatc1,0.0014644861438877631
Rpl21,0.0014095467613720796
D630003M21Rik,0.0014050647195321742
Elf1,0.001392326244755628
Shroom3,0.0013812207607685203
Sft2d1,0.0011565685444036695
Gm20754,0.0011121481951557358
Tbx15,0.0011029771183158617
Gjb6,0.0011029771183158617
Scrg1,0.0010926005499933933
Celrr,0.001075361094088038
Enpp1,0.0010083704147057309
Bmpr1b,0.0010059707210922863
Kcna1,0.0007771811202015466
Itm2a,0.0006800637680573534
Blnk,0.0005973565734755311
Gm2629,0.0005973565734755311
Cnmd,0.0005290872507926133
Med12,0.0003518352432466702
Grtp1,0.00031620504490128556
Brip1os,0.00028990714726815855
Tmeff1,0.0002077292010992321
Rhog,0.0001934559079023627
Chst9,8.599154932531509e-05
Ndrg1,3.869118158047254e-05
Sgms2,-1.289706052682418e-05
Tbc1d16,-5.179509147098244e-05
Primpol,-0.00011607354474141762
Acox3,-0.00022299416825493184
Chl1,-0.0002356186743751993
Gm15246,-0.00031940306407105847
Agmo,-0.00035846216798980396
Dusp15,-0.00038846318603236835
Asic4,-0.0005891986686239606
Cd86,-0.0006314912348169902
Fgd2,-0.0006314912348169902
Camk2d,-0.0007022874779333494
Tsc22d3,-0.0007059572777261326
S100b,-0.0009087867277267354
Atad2,-0.0009356420335218874
Ifi27,-0.0009489273676000022
Fxyd6,-0.0010297967139544393
4930419G24Rik,-0.0010554218822327746
Plekhh2,-0.0011865295684678249
Gm44148,-0.0013799854763701872
Tspan2,-0.0014394685936256534
Pcyt2,-0.0015468136160157644
Gss,-0.0016493500581620869
Lamtor1,-0.0016729033627001738
Arsj,-0.0017270046840470426
Skap2,-0.0018396184584250123
F11r,-0.0018603390431095113
Tlr7,-0.0018603390431095113
Slco2b1,-0.0018603390431095113
Lrrc51,-0.0018603390431095113
Laptm5,-0.0018603390431095113
Trp53cor1,-0.0018603390431095113
Smim1,-0.0018603390431095113
Anxa3,-0.0018603390431095113
Oplah,-0.0022345082529766284
Mgll,-0.0023437491786719744
Gm13629,-0.002463338560623418
Nrbp2,-0.002502345528941863
Dio2,-0.002509248500069017
Rnf144a,-0.0027706219419339133
Grm3,-0.002777237514192693
Fam122b,-0.002863147436954968
Arhgap30,-0.003089186851402033
Nrros,-0.003089186851402033
Nlrp1b,-0.003089186851402033
Fermt3,-0.003089186851402033
Zfp69,-0.003089186851402033
Pald1,-0.003089186851402033
1810024B03Rik,-0.003089186851402033
Unc5d,-0.0031624550091174583
Tmtc4,-0.0031736309176009824
Dclre1b,-0.00318601588817272
Mtbp,-0.00318931880041495
Il18,-0.00322343655279901
Bco2,-0.0032427928274385972
Tmem255b,-0.0033783315068102795
Lgmn,-0.003477748826851701
Adamts5,-0.003483219901423569
Nrarp,-0.0036108576095179065
Plekhg2,-0.003629732185189896
Rpl37,-0.0036489011040048607
Mrpl18,-0.0036832553620493877
Emid1,-0.003822756856592362
Bche,-0.003861511510578535
Nfasc,-0.003874396499700959
Rad21,-0.003914576794167491
Irak2,-0.003955616560495336
Anln,-0.003970798815026215
E230029C05Rik,-0.004075404994583019
Lmcd1,-0.004117437237970145
Dapk2,-0.00414366228230556
Rpap2,-0.004160944653142052
Sox13,-0.004162078559115808
Id4,-0.004294721155432453
Bcl9,-0.004310409999389299
Slc25a29,-0.00442043864371893
Rassf2,-0.004486449471322246
Dnase2a,-0.00451812480387529
Wdr83os,-0.00451812480387529
Myo16,-0.004709265449745995
Lama2,-0.004789610987526078
Tspan32os,-0.004794580383663169
Ifit2,-0.004910123150192158
Slk,-0.004946234319524735
Gm49539,-0.004971500649246859
Klhl1,-0.004971500649246859
Gm11906,-0.00507349849518459
Gm49678,-0.005094338908095552
Sulf1,-0.0051015527910653665
Rybp,-0.005265346211106975
Cntn6,-0.005330695420326913
Zbtb20,-0.0053474113459394115
Arhgef6,-0.005380537526037406
Rps9,-0.0054812728649584275
C1ql1,-0.005516564669912759
Cenpj,-0.005579489018096878
Stard13,-0.005617662077214431
Il10rb,-0.0056834211133529105
Dusp16,-0.005696934884791779
Cip2a,-0.005744139283358768
Pcif1,-0.0058072659541645345
Wtip,-0.005837453057214032
Crim1,-0.005841990624907349
Nr2e1,-0.005873125975403901
Wipf1,-0.006023761213149194
Atp1a2,-0.006030440077327445
Srgap1,-0.006209668804866047
Elk4,-0.006353834391941679
Metrn,-0.006407365767858375
Cdc37l1,-0.006618169270806279
Abtb2,-0.006629704873363683
Sat1,-0.006745995535920829
Hpcal1,-0.006778637449804316
Dgkb,-0.006831465000541677
Gm38505,-0.0068710131105673995
Pcdh15,-0.006956146754331295
Smim4,-0.007118523599992438
Polq,-0.00729887409679985
4930488L21Rik,-0.007349201250604224
Galntl6,-0.007380526967735264
Pacsin2,-0.0074315625554090825
Neil3,-0.007516323853834266
Fgf13,-0.007581546012922906
Cep112,-0.007761697110007534
Dbndd2,-0.0078304663808986
Cuta,-0.007839195162228446
Zfp808,-0.00786492171492054
Spata13,-0.007865957765964878
Rtkn2,-0.007891679003991419
Ostm1,-0.007903901520797764
Ccnd1,-0.008074849648798843
Irgm1,-0.008138045192426058
Bora,-0.008320188204434087
Fads1,-0.008360648694855605
Dnm3,-0.008387700835585711
Ifngr2,-0.008398894862170795
Samd4,-0.008509899772327434
Idh1,-0.008582921537448229
Jag1,-0.008602619468679146
Trhde,-0.008623882729918576
4931414P19Rik,-0.008637307450407692
Tpt1,-0.008922757043784747
Cacnb2,-0.009282674400816723
Itga3,-0.009335829876889015
Csad,-0.009402769260946095
Tead1,-0.009420657923598651
Eda,-0.009518853021635475
Gm50012,-0.00957447836513936
Ddx43,-0.009593304441761125
Pdpn,-0.009618753462642333
Ss18,-0.009743672662507842
Sdk2,-0.009883403924904083
Orai1,-0.010032142665911958
Epn2,-0.010081268456528814
Prdx4,-0.010117307867331905
Stxbp6,-0.010149034786233807
Serinc5,-0.010374029629398858
Bcl2,-0.010424589347278138
Cd164,-0.01043218461995218
Man1a,-0.010487068447473944
Cln8,-0.010529521151192921
Svbp,-0.01067488055956306
Fbn1,-0.01068879759500973
Vkorc1,-0.010779660692931207
Gm13483,-0.010842346566350804
2610035D17Rik,-0.01089688340942329
Tfb1m,-0.010966357652181426
Kif20b,-0.01100351888790257
Tfeb,-0.011071071192251316
Dock2,-0.011080332449289501
Grin3a,-0.011100152953794537
Pkn1,-0.011115371586254502
Pole,-0.011370302850832655
Dnmt3b,-0.011392874171628353
Homer3,-0.011420984906987666
Kat2b,-0.011454714257444097
Car2,-0.011461900248303496
Trp53inp1,-0.011546319850317309
Dach2,-0.011644037520005169
Traf5,-0.011852589102428835
Ifitm10,-0.012016907955960218
Sema3d,-0.012021892819119837
Dlx6os1,-0.012241147825032361
Dlx1,-0.012241147825032361
Aldh1a1,-0.012287054581581332
Ppcdc,-0.012383609477090548
Xiap,-0.012401252503878775
Pard3b,-0.012529650956439736
P2ry12,-0.012793890939335464
Phkb,-0.012832479499401537
Nbas,-0.012868359520580259
Marcks,-0.012960466566910989
Ptprj,-0.013003594589632135
Pllp,-0.013071610754126424
Garem2,-0.013073575293778767
Osbpl7,-0.013093262477089985
Gm30655,-0.013231042435050269
Crybg3,-0.013257290083656332
Gm11146,-0.013304236014179488
Taldo1,-0.013336720835215527
Klhl14,-0.013343320138780484
Itpkb,-0.013609975338631229
Fam20a,-0.013739201189937218
Tril,-0.01388104295791434
Vwa5a,-0.014148817126034724
Anapc15,-0.014160555844318344
Cx3cr1,-0.014236860591886247
Rpa1,-0.014241650001146227
Kcnh8,-0.0144065209680595
Kcnh5,-0.014473444826155611
Rdm1,-0.014484576577129605
Pld2,-0.01453498721373085
Ctsz,-0.014539294351571001
Itgam,-0.014539294351571001
8030442B05Rik,-0.014539294351571001
2900079G21Rik,-0.014608811160920276
Cst3,-0.01461640477252916
1700012D14Rik,-0.014844196824555867
Tspan14,-0.014878543290393701
Sh3gl3,-0.014903692603411803
Cep85l,-0.015184597007994561
Vav3,-0.01520173046611966
Fpgt,-0.015215972679713271
Nsa2,-0.015381642183629075
Nrip1,-0.015553749974897377
4933436I20Rik,-0.015565405571705269
St3gal1,-0.015565405571705269
Tppp,-0.015629168851368953
Zfp423,-0.015632329792568456
Casp8,-0.015664917140079726
A530072M11Rik,-0.015770471708508125
Fras1,-0.01586869185149611
Gatm,-0.0158789194725149
Ypel2,-0.015906309785842933
Grik3,-0.015973073391807584
Prex2,-0.016008551469333932
Kif13a,-0.016160751522804415
Ston1,-0.016186961007092805
Frmd8,-0.01630423379441568
Mertk,-0.016310446563753113
Wdr91,-0.016368150191330023
Acsl3,-0.01647703532074026
Slc4a4,-0.016541206284019894
Dipk1c,-0.01657526445047062
AV099323,-0.016606512742619765
Itgbl1,-0.016606512742619765
Rtp4,-0.016606512742619765
Pi4k2b,-0.016606512742619765
Gm44577,-0.016606512742619765
St8sia3os,-0.016606512742619765
Srl,-0.016636036718589733
2810429I04Rik,-0.016658623131726297
Slc6a1,-0.01666018321853422
Tle3,-0.016753414674582606
Sox9,-0.016774906278748048
Adap2,-0.01679053992858845
Rcsd1,-0.01679053992858845
Pik3cd,-0.01679053992858845
Zfp992,-0.016811320710668518
Lcat,-0.016811320710668518
Lyn,-0.016866015551012446
Pacs2,-0.016868402405212507
Parm1,-0.016895964113402964
Gm29521,-0.016903510079250034
Htra1,-0.01691125082122828
Pdzd2,-0.016922713662330204
Cklf,-0.016989129449750916
Kif11,-0.017049222400160654
S100a2,-0.017085190481262627
Greb1l,-0.01716566494901597
Mmp15,-0.017282249513029237
Akr1b10,-0.017335855237379117
S100a16,-0.01745237580625145
Disc1,-0.017618214543349126
Aamdc,-0.017771925955932587
Smad5,-0.01777961162037577
Chrdl1,-0.01783536055091229
Mlc1,-0.01783536055091229
Cyp2d22,-0.01783536055091229
Sox1,-0.01783536055091229
Bcar3,-0.01783536055091229
Gstm1,-0.01783536055091229
BC051408,-0.01783536055091229
Cdc42se1,-0.017972414183574197
Plpp3,-0.01800769373165421
C030029H02Rik,-0.018041812515105247
Ikzf2,-0.018166690372944234
Rtn4,-0.018351720250580503
Pld5,-0.01838825418077629
Racgap1,-0.0184000379836482
Fgf11,-0.01865568840878015
Lama4,-0.01881874694498685
Gm13052,-0.01882609718491302
Vav2,-0.019002915943445168
Tram2,-0.019041785505605893
Tmem119,-0.019041785505605893
Adgre1,-0.019041785505605893
Tcirg1,-0.019041785505605893
Runx1t1,-0.019058131948638923
Lxn,-0.019065235980366493
Arhgap29,-0.019065235980366493
Tiparp,-0.01912567180324566
Fam83d,-0.01915669041913425
Msn,-0.01915669041913425
Vipr2,-0.019247670581864804
Fdps,-0.019292836450122502
Rab27a,-0.019304122110520353
Ston2,-0.019515114659925007
Rnf128,-0.019596474643308593
Ptpn13,-0.0196540661562147
Aqp4,-0.019922413547191146
Slc22a4,-0.020028109240323076
C1qa,-0.02004965343909898
Itga4,-0.020079880482105912
Gli2,-0.020116713035726402
Pik3r5,-0.02016740829411462
Pik3ap1,-0.02016740829411462
Hsd17b10,-0.02016740829411462
Nckap1l,-0.02016740829411462
Ptprc,-0.02016740829411462
Shroom1,-0.02020239300456084
Ranbp3l,-0.02028466066791761
Tmed3,-0.020461526453934804
Kcnab1,-0.0205230278819015
Clmn,-0.020609616572716923
Sept7,-0.02063870576957127
Aff1,-0.020704419853463364
mt-Nd1,-0.020778514337300182
Nfe2l3,-0.020783338885353386
Tmem150a,-0.020902576357991944
Slc39a1,-0.020956123684073704
Arhgef10l,-0.0209937596214909
Slc38a2,-0.021018429356462465
Vezf1,-0.021051329299344553
Bard1,-0.021053425736927305
Etv1,-0.021137773676632467
Tcn2,-0.02126218418954712
Zfp677,-0.02130866473246374
Trp53bp2,-0.02144914107288289
Cnp,-0.021498030761298467
Bcat1,-0.021599438688547443
Flcn,-0.021755382134242617
Gtpbp1,-0.021772156560286415
Tgfa,-0.02177650773209266
Abcb10,-0.021848321026014552
Kif23,-0.0218828955114288
A430073D23Rik,-0.02189074164728669
Synm,-0.021902724215820367
AU020206,-0.02229379817541401
Csrp1,-0.02237529527219726
Ccdc163,-0.02251245577017446
Hexb,-0.02258173564033914
Dixdc1,-0.022594828741727416
Pcsk6,-0.02281650024813023
Otulin,-0.022921085698181812
Abca9,-0.022926819098229818
Ampd3,-0.02321523652715585
Olfm3,-0.023299967324716963
Gstcd,-0.02339435142834854
Ttyh2,-0.023527536524238703
Arpc4,-0.02356278854456419
Rapgef5,-0.023735378616479386
Ubc,-0.02374373318182287
Gpam,-0.023745553002496016
Il33,-0.023778781407246766
Zeb2,-0.023852560066350618
Kansl1l,-0.023871731008872618
Itgb3bp,-0.023957029786563055
Serinc3,-0.024043386235391845
Galnt1,-0.0240537537294979
Klf12,-0.024061459408769477
Lgi3,-0.024102984551668965
Cyp7b1,-0.02410473331088072
Sox1ot,-0.02412377769991053
Prtg,-0.024167360658353256
Wdr1,-0.02418696539220083
Abcd2,-0.02424724136477812
Adgb,-0.024481435412615906
Ndst2,-0.024499786916565177
Med7,-0.024557599878344046
P4hb,-0.024644753864460273
mt-Co2,-0.024659720925437688
Lix1,-0.024670453629697452
Mid1ip1,-0.024708983572750504
Snx33,-0.024708983572750504
Lrrn1,-0.024725743490162162
AA387883,-0.0248106022967131
Ccnd3,-0.0248622577412566
Itgb5,-0.024891270227887993
Sh3d19,-0.024892502142688257
Nkain1,-0.024908797408030307
Csgalnact1,-0.0250372578396177
Cyp20a1,-0.025075022228813
Slc35e4,-0.025104029210341213
Nxn,-0.0251705294705692
Abca6,-0.025208450030675487
Slc13a5,-0.025240398084953874
Pogk,-0.02528307610764219
Cdkl3,-0.025328775081719275
Fzd9,-0.02546241723515702
Ncam2,-0.025471834955828884
Tpst2,-0.02564566367446031
Igfbp5,-0.025678119287666206
Slc35f1,-0.025734081423302524
Cmtm6,-0.02575643811205723
Rpusd4,-0.02575643811205723
Gna12,-0.025790965716536322
Tbc1d5,-0.02579676323370807
Akna,-0.02595967555998242
Lmf2,-0.02595967555998242
Prr16,-0.026126392117759117
Gpr37,-0.02613642107458744
Fbxo44,-0.02614793022322319
Syde1,-0.026290046338388832
Proser3,-0.02638946663500147
Ggact,-0.026408445330966167
Rnf141,-0.02651150606922524
Bcan,-0.02653985735207207
Capza2,-0.026564073553168605
5031439G07Rik,-0.026652584891192436
Asb8,-0.026765473165586903
Fam222a,-0.026948829955780535
Plcd4,-0.026975862799608348
Zfp51,-0.026975862799608348
Hgf,-0.026975862799608348
Zfp982,-0.027061053137514765
Mob3c,-0.027108748823251743
Ano4,-0.0271097469772891
Stk33,-0.02750488365205274
Ilvbl,-0.027520082880154274
Gm29260,-0.027522311102546937
Acad12,-0.027753329153042135
Wnk1,-0.027768388261305062
Cdkn1b,-0.027968579566751285
Pecam1,-0.02810930241303727
Myl12a,-0.02810930241303727
Prdx1,-0.02829366295678586
Ankrd6,-0.028420021720761225
Nbl1,-0.028509919099894268
Dnah5,-0.02854059399654994
Btk,-0.02856801368797352
Csf1r,-0.02856801368797352
Zswim7,-0.02856974959076157
Zbtb1,-0.02866858312918879
Olfml1,-0.028890984905057218
Pdgfra,-0.028905272375229146
Igbp1,-0.02890891253106234
C130073E24Rik,-0.029108011907332542
Dnajb2,-0.029177616603330965
Npc1,-0.02921695536594283
Zdhhc14,-0.029238432203483634
Fam53b,-0.029261044897436993
Rreb1,-0.029265931842898312
Ccdc18,-0.029303049478940524
Epas1,-0.02946900515253595
Erbin,-0.029588448974767093
Yap1,-0.029613572883955223
Tgfbr2,-0.029613716273400106
Gm4890,-0.029613716273400106
Rttn,-0.03007326923038436
Hacd2,-0.030127458699421204
Bin1,-0.030332104315665662
Gm26691,-0.030356340791800485
Prag1,-0.030357186039655523
Zfp467,-0.030443684779704112
Tgfb2,-0.03053466283573275
Pou3f3,-0.030543211727255902
Zmiz1,-0.030662155017272288
Ctsl,-0.030779149594803882
Prkd3,-0.030779605405461485
Sall3,-0.030793180903309184
Ezh1,-0.031063190360603763
Ugdh,-0.031141446674197038
Gm48678,-0.03134020470008273
Pgap2,-0.03159225857250166
Bid,-0.031705041876329026
Gm5086,-0.031705121444253276
Bank1,-0.031705121444253276
Myo1f,-0.031705121444253276
Csf3r,-0.031705121444253276
Gm10790,-0.031705121444253276
Ly86,-0.031705121444253276
Mdk,-0.03183068643598604
Cldn11,-0.031934134453992014
Mast4,-0.031941210185045366
Adamts17,-0.03211393496621767
Zfp90,-0.03238270075757521
Gm28905,-0.03246327389358838
Ntsr2,-0.03246327389358838
Cnpy4,-0.03246327389358838
Gmip,-0.03249959578466113
Fam111a,-0.032616354870254965
Ttc23,-0.03264306086675296
Btbd17,-0.03264306086675296
Gm20515,-0.03264306086675296
Mmp28,-0.03275082402967986
B4galt1,-0.03275082402967986
Serpini1,-0.03297187312439529
Rbms2,-0.033010810063991994
Tox2,-0.03302295860557479
Phactr2,-0.03306395111456097
Mxra7,-0.033194847204551105
Unc93b1,-0.03326211024727415
Rlbp1,-0.03329167452217921
Rac1,-0.03332685017031232
Eya1,-0.033500337705760344
Cdh13,-0.0335571092099777
Trim65,-0.0335810798571769
Cyth1,-0.03367119997342236
Bmf,-0.033796526615106445
Wdr81,-0.033796526615106445
Gng2,-0.03381708059785807
Neu4,-0.03388054746472067
Cdc42ep4,-0.03392723943828477
Pmepa1,-0.034000405791966594
Shisa9,-0.03416607169675447
Cntrl,-0.03421139990242796
Csf1,-0.034317532129506924
Gm3764,-0.034401845465720636
Cspg4,-0.03440732444500999
Zfp110,-0.03457041655666981
Pls1,-0.0346067151824299
Cradd,-0.03481184866714097
Pparg,-0.03487127649457266
Elovl7,-0.03504720046498834
Slc1a4,-0.035072109341903204
Chst8,-0.03515035678489326
Rnf19b,-0.03515395790512819
1110019D14Rik,-0.03532330142802844
Lin9,-0.03545670844225819
Prex1,-0.03549722983996758
Sec11c,-0.035781620357773186
Rps6,-0.03578419184196052
Arhgef10,-0.03605778738389397
Tmprss7,-0.036118992882323675
Rhbdl3,-0.03633857292451677
Appl2,-0.03643306981498422
Rbms3,-0.03650764544489203
Rhobtb1,-0.03656188166907613
Cpq,-0.03662919197933488
Abhd17b,-0.03665597341845747
Gm26827,-0.036661469741028054
Tmem88b,-0.036872910450844926
Phka1,-0.03689106118957365
Etfb,-0.03699172895946547
Rdx,-0.0370706862666186
Mks1,-0.037078870841584344
Pgd,-0.037093708108247865
Tmem144,-0.03711549929658151
Kif19a,-0.037250480487242665
Soat1,-0.03729534045132294
Gas2l3,-0.037396752672515944
Iqgap2,-0.037594816106027176
Enpp4,-0.03766589157782033
Dbnl,-0.03767440277493049
H2afj,-0.03767715057754291
Asap3,-0.03786652812291075
Ptprt,-0.037866584586313305
Igdcc3,-0.03794078457057408
Nsun3,-0.038000332109210784
Idi1,-0.03805195519191185
Map4k4,-0.03806954994732369
Arhgap22,-0.038147516691836164
Nusap1,-0.03822426362697945
Zfp53,-0.03836192791081591
Psat1,-0.03843358840950681
Piga,-0.03852924459825577
Phldb2,-0.03859850820318254
Rnf43,-0.038922341833444486
Gm45847,-0.039126599807972465
Tns3,-0.03913304908897545
Aebp1,-0.039206384222126696
Zfp951,-0.0392138192120301
Hid1,-0.039243625477552495
Itpr2,-0.03929330797561572
Bcl9l,-0.03938395118091661
Adamts9,-0.03950000095446738
Slc7a2,-0.039533690510859636
Kazn,-0.039584801176512426
Zfp748,-0.039681686644360094
Nudt4,-0.039822445765772894
Adra1b,-0.03986832050658416
Cpne2,-0.04003490457576249
Nhsl2,-0.04005928235839607
Rassf4,-0.04007074212766596
Klhl13,-0.040358835772050426
Cdk15,-0.04039631448519032
Pdgfrb,-0.04039631448519032
Pkhd1,-0.04039631448519032
Efhc1,-0.04039631448519032
A830012C17Rik,-0.04039631448519032
Gm34590,-0.04039631448519032
Bbox1,-0.04039631448519032
Gm13974,-0.04039631448519032
Scn5a,-0.04039631448519032
Trdn,-0.04039631448519032
Cpa6,-0.04039631448519032
Aox3,-0.04039631448519032
Ltc4s,-0.04039631448519032
Arhgap28,-0.04039631448519032
Fbxw10,-0.04039631448519032
Stab1,-0.04039631448519032
Slc13a3,-0.04039631448519032
Tmem204,-0.04039631448519032
Msrb1,-0.04039631448519032
Arap3,-0.04039631448519032
Nkx6-2,-0.04039631448519032
Ccdc187,-0.04039631448519032
Gm13479,-0.04039631448519032
Ccr9,-0.04039631448519032
Fcgr1,-0.04039631448519032
Gm33594,-0.04039631448519032
Gm44836,-0.04039631448519032
Gm17660,-0.04039631448519032
Gm31135,-0.04039631448519032
Gm9925,-0.04039631448519032
C87487,-0.04039631448519032
5430427O19Rik,-0.04039631448519032
Bcl2l11,-0.04039631448519032
Gm13872,-0.04039631448519032
Slc25a45,-0.04039631448519032
Cdc42ep2,-0.04039631448519032
Slc22a8,-0.04039631448519032
Hcls1,-0.04039631448519032
Gm29927,-0.04039631448519032
Emp2,-0.04039631448519032
Cd37,-0.04039631448519032
Mapkapk3,-0.04039631448519032
Lamb2,-0.04039631448519032
Nbeal2,-0.04039631448519032
Prelp,-0.04039631448519032
Gm12522,-0.04039631448519032
Gm43154,-0.04039631448519032
Slc13a4,-0.04039631448519032
Gm15503,-0.04039631448519032
Aldh1a2,-0.04039631448519032
Rab29,-0.04039631448519032
Phlda3,-0.04039631448519032
Myo5c,-0.04039631448519032
Ldlrap1,-0.04039631448519032
Cldn14,-0.04039631448519032
Hspa2,-0.04039631448519032
Bmp5,-0.04039631448519032
Cntnap3,-0.04039631448519032
Armc3,-0.04039631448519032
Hoga1,-0.04039631448519032
B430010I23Rik,-0.04039631448519032
Cyp4v3,-0.04039631448519032
Gm16675,-0.04039631448519032
Lgi4,-0.04039631448519032
Acat3,-0.04039631448519032
Ccdc146,-0.04039631448519032
Tmem173,-0.04039631448519032
Pdgfb,-0.04039631448519032
Fbxl13,-0.04039631448519032
Gm34589,-0.04039631448519032
Heph,-0.04039631448519032
Sp100,-0.04039631448519032
Kcnj13,-0.04039631448519032
Ak9,-0.04039631448519032
Gm32828,-0.04039631448519032
Kcns3,-0.04039631448519032
Gm7967,-0.04039631448519032
Syt2,-0.04039631448519032
Kank4,-0.04039631448519032
Slc26a4,-0.04039631448519032
Gm36251,-0.04039631448519032
Nfam1,-0.04039631448519032
Arhgdib,-0.04039631448519032
Gpt,-0.04039631448519032
Cftr,-0.04039631448519032
Fcgr2b,-0.04039631448519032
Prelid2,-0.04039631448519032
St8sia6,-0.04039631448519032
Gm26532,-0.04039631448519032
H2-T24,-0.04039631448519032
Acer2,-0.04039631448519032
Icosl,-0.04039631448519032
A930033H14Rik,-0.04039631448519032
Gm34544,-0.04039631448519032
Adora2a,-0.04039631448519032
Sh3rf2,-0.04039631448519032
Mrc1,-0.04039631448519032
Sipa1,-0.04039631448519032
Gstt2,-0.04039631448519032
Cavin3,-0.04039631448519032
Gm3667,-0.04039631448519032
C1qtnf7,-0.04039631448519032
Car12,-0.04039631448519032
Myoc,-0.04039631448519032
Gm20743,-0.04039631448519032
Cr2,-0.04039631448519032
Rasa4,-0.04039631448519032
Pard3bos1,-0.04039631448519032
B230206L02Rik,-0.04039631448519032
Col1a1,-0.04039631448519032
Skap1,-0.04039631448519032
Gm33906,-0.04039631448519032
P2ry6,-0.04039631448519032
Ogg1,-0.04039631448519032
Ntpcr,-0.04039631448519032
Adamts18,-0.04039631448519032
9330199G10Rik,-0.04039631448519032
Cort,-0.04039631448519032
Gm49906,-0.04039631448519032
Capn11,-0.04039631448519032
Spata17,-0.04039631448519032
2010109A12Rik,-0.04039631448519032
Cebpd,-0.04039631448519032
Liph,-0.04039631448519032
Igf2bp2,-0.04039631448519032
Dpp4,-0.04039631448519032
Pgm5,-0.04039631448519032
Ccdc81,-0.04039631448519032
Ppef2,-0.04039631448519032
Hvcn1,-0.04039631448519032
Tac2,-0.04039631448519032
Dcn,-0.04039631448519032
Gm6260,-0.04039631448519032
Slc26a7,-0.04039631448519032
Col8a1,-0.04039631448519032
Gm47754,-0.04039631448519032
Gm49164,-0.04039631448519032
Prr5,-0.04039631448519032
Fhod1,-0.04039631448519032
Gm10629,-0.04039631448519032
Tgfbi,-0.04039631448519032
Gm3510,-0.04039631448519032
Gm13986,-0.04039631448519032
Fsip1,-0.04039631448519032
Egfl6,-0.04039631448519032
1700047M11Rik,-0.04059638878805639
Ythdf2,-0.04065213465224571
Plekhg1,-0.04067925563043421
Diaph3,-0.04073412313830717
Lypd6,-0.040857657384183774
Rps5,-0.04090727086047845
Siglech,-0.040951671869598166
Rab39,-0.04098613238615426
Shroom2,-0.04105090161893723
Ap1s2,-0.04139574967234388
Unc5c,-0.04170877733975646
Gm12743,-0.04184493936800881
2610001J05Rik,-0.04186504138200265
Slc25a11,-0.04187957551251494
Stk17b,-0.04187957551251494
4930444A19Rik,-0.041885489953175876
Sirt2,-0.04190626430545311
Lair1,-0.04193320328591343
Selplg,-0.04193320328591343
Gm3248,-0.04200818138021529
Cerk,-0.04200881786729304
Tapbp,-0.04216214729851914
Cebpzos,-0.04216214729851914
Slc9a9,-0.04246206766957659
Grb14,-0.042465884608445144
Emx2os,-0.042573269981331555
Alg14,-0.042585679434286046
Nacc2,-0.04273523220465192
Rab33b,-0.04277057050448042
Mob3b,-0.04280606421090577
Dapp1,-0.042914734702228695
Plekhg3,-0.042974677892760126
Bmper,-0.04308977106500026
Rcan2,-0.04329248681971172
Tmem117,-0.043474444620610814
Tmtc2,-0.04368012960733813
Sh3pxd2b,-0.043704764417401856
Frmd4b,-0.04373852799944328
Arpc1b,-0.04389626611854397
Mrc2,-0.04389626611854397
Zfp101,-0.04393458431663289
Fa2h,-0.044035807174993405
Hdac8,-0.04408314073573489
Msi2,-0.044109849647123986
Parvb,-0.04411000366499199
Polk,-0.044141575597459376
Ptbp3,-0.044269858468237604
Selenop,-0.04467803656719618
Fndc1,-0.04468831472544578
Nkx2-2,-0.04476484567044517
Sema4d,-0.04492930549727613
Frmd5,-0.045015180161248926
Cemip,-0.04510102066230416
Ick,-0.045262322998630984
6330411D24Rik,-0.045300618285137685
Pla2g4a,-0.04533625357573168
Abca1,-0.04537933988681501
Zfpm1,-0.04561690308337713
Zfhx3,-0.04576508103580955
Arhgap23,-0.04582172040165644
Pcbd2,-0.0460156435043251
Gna13,-0.046022507979024165
Phyhipl,-0.04604728045385036
Fjx1,-0.0460811972623428
Pawr,-0.046185197523007517
Adam17,-0.04634123823317926
Gabrg3,-0.04635984376221827
Fanca,-0.04655824983581488
Sytl5,-0.046564634801524105
Gulp1,-0.04667823560720513
Peli1,-0.046716272310977004
mt-Cytb,-0.04672520492416099
Ndrg2,-0.04679997823190976
Padi2,-0.04684086036748978
Gm49417,-0.04684086036748978
Asrgl1,-0.04684786373780208
Selenos,-0.04694598940484392
mt-Nd2,-0.04716091368600272
Apoe,-0.047170665562521426
Adgra3,-0.047213163485726295
Khnyn,-0.04721637646141429
Slc25a18,-0.04721637646141429
Gask1a,-0.04721637646141429
Gm13187,-0.04721637646141429
Reln,-0.04723613159519611
Nnt,-0.04782239178380504
Fyb,-0.04782239178380504
Gusb,-0.04782239178380504
9530059O14Rik,-0.047879475481049524
Gm10373,-0.04808153915037764
Kitl,-0.048093138704527374
Eya4,-0.04821700089724883
Gm4258,-0.048303169209812764
Pdia4,-0.04838061404576907
Cdh20,-0.048381536391173846
Cep128,-0.04840814890506703
Meis2,-0.04850126857590671
Xpa,-0.0485303375309937
Lbh,-0.04861963174996237
Rhou,-0.048669093600280426
Rexo5,-0.04871492204776064
Ndp,-0.048885717484813254
Hist1h1e,-0.04909338326160928
Foxp2,-0.04911318713960902
Cdh4,-0.04931551128079205
Gm42047,-0.049323841498085594
Adamts6,-0.049399850864044303
Numb,-0.04954341163517958
Itih5,-0.04961499184669263
Kcnj16,-0.0496338086897868
Shcbp1,-0.04964835101678506
Gm20404,-0.04997141208266966
St3gal4,-0.05007343317060218
Fan1,-0.050182390092465834
Fam102a,-0.05022512755378623
Tle4,-0.050347226951344366
Ywhaq,-0.05039546725416353
Golga7,-0.05040410461520343
Zfp804b,-0.0504143041507213
Gm26542,-0.05049704077775574
Bace1,-0.05053304407546747
Casp8ap2,-0.050801033300545764
Slc44a1,-0.05091283001867856
Man2b2,-0.051033668504643276
Hexa,-0.05107507159244966
Mthfs,-0.05109105424808624
Enpp6,-0.051203732095422734
BC065397,-0.05130388356423772
Plxnb3,-0.05136398370077157
Pcdhgc4,-0.051448153050837615
Cpm,-0.05145493015902642
Dnajb9,-0.051467965474626814
Itga8,-0.051482746268511355
Cfap47,-0.051483132381106786
Rnf7,-0.05176005089813526
Hps4,-0.051778864370663355
Cnksr3,-0.05180635757025106
Bri3,-0.051844222136510104
Slc15a2,-0.05186802214949509
Gm14634,-0.05201186275169493
Gpnmb,-0.052013845104681926
Gm33680,-0.0521045498838703
Commd8,-0.05258612326629897
Map3k20,-0.05264095000142486
Samd5,-0.0527040210501272
Usp31,-0.052725216637399756
Mro,-0.052762873726806915
Katna1,-0.05277595356746601
Tent5a,-0.05277776219811894
Pla2g15,-0.052893637434767264
Cyp4f17,-0.05297350352544936
Smox,-0.053038009811606175
Ikzf1,-0.05304560994682785
Cenpf,-0.053075709767131676
Kctd16,-0.05308956902713465
Rai14,-0.05340485171409814
Gm44593,-0.05352922891269315
Spg20,-0.05360655743998356
Col4a4,-0.05376610980482528
9430041J12Rik,-0.053791406271021865
Ggh,-0.053833008612243514
Zfp105,-0.053887459748822315
Etv4,-0.05394931106549058
Inpp5d,-0.0539741983047592
Gnao1,-0.05409592130443898
Megf10,-0.05441977095032895
Pip4p1,-0.054437939672355884
Gm2a,-0.054537297237616876
Zfp608,-0.054607111237805935
Efna5,-0.05463446773156833
Slc16a6,-0.0547034727679224
Fchsd2,-0.054708182092360724
Pnrc2,-0.054755702350768015
Rbks,-0.05491121163479376
Naga,-0.05495810234183242
Opalin,-0.05497960076597332
Dlc1,-0.054992049303989946
Tmsb4x,-0.05520869351323431
Sept1,-0.05548590448778827
Susd5,-0.05558691458106731
Ttpa,-0.0556132974008075
Zfp449,-0.0556132974008075
Adamts4,-0.055710838399354846
AW047730,-0.05581847796009506
Dock8,-0.055831375020621875
Slc2a9,-0.05587006620220235
Dach1,-0.05601610171563973
Qk,-0.05608638533568219
Gad1,-0.05610793361363938
Gm45323,-0.056731152624944325
Cmtm3,-0.05678575749960687
Spata6,-0.05680743626370447
Zfp516,-0.05690651473397479
Cemip2,-0.056973110191046096
Bhlhe41,-0.05698830922140267
Vcl,-0.05708293450198667
Srebf1,-0.0571459721847972
Gpr17,-0.05719148770573876
Atp1b2,-0.057262118384661116
Kifc5b,-0.057299175915614974
Aspm,-0.057299175915614974
Mecom,-0.05732300284442416
Pnpla2,-0.05732300284442416
Igf2,-0.05732300284442416
Gm32633,-0.05732300284442416
Cybrd1,-0.05732300284442416
Bag3,-0.05732300284442416
Rxra,-0.05732300284442416
Wnt5a,-0.05732300284442416
C030005K06Rik,-0.05732300284442416
Gm26834,-0.05732300284442416
Sh2d4b,-0.05732300284442416
Naaa,-0.05732300284442416
Tep1,-0.05732300284442416
Mamdc2,-0.05732300284442416
Fgf10,-0.05732300284442416
Glra2,-0.05732300284442416
Hs3st3a1,-0.05732300284442416
Nlrp3,-0.05732300284442416
Gm12239,-0.05732300284442416
Smim3,-0.05732300284442416
Slc39a8,-0.05732300284442416
Dennd1c,-0.05732300284442416
Mfsd13b,-0.05732300284442416
Ccdc80,-0.05732300284442416
Rbpms,-0.05732300284442416
Nxph2,-0.05732300284442416
Pcdh18,-0.05732300284442416
Gm9725,-0.05732300284442416
Pltp,-0.05732300284442416
Lat2,-0.05732300284442416
Parp14,-0.05732300284442416
P2ry13,-0.05732300284442416
Gm26671,-0.05732300284442416
Gm26843,-0.05732300284442416
Arrdc2,-0.05732300284442416
Tyrobp,-0.05732300284442416
Bmp6,-0.05732300284442416
Lrch4,-0.05732300284442416
6330418K02Rik,-0.05732300284442416
Tspan18,-0.05732300284442416
Ighm,-0.05732300284442416
Abcb1a,-0.05732300284442416
Gm36037,-0.05732300284442416
Slc2a5,-0.05732300284442416
Gm44662,-0.05732300284442416
Fxyd1,-0.05732300284442416
Epsti1,-0.05732300284442416
Gm13031,-0.05732300284442416
Id3,-0.05732300284442416
Tnfrsf1b,-0.05732300284442416
Irf8,-0.05732300284442416
Cmah,-0.05732300284442416
Gm45890,-0.05732300284442416
Frem2,-0.05732300284442416
Cfap43,-0.05732300284442416
Scara3,-0.05732300284442416
Nos1,-0.05732300284442416
Acads,-0.05732300284442416
Mill2,-0.05732300284442416
Entpd2,-0.05732300284442416
Cd80,-0.05732300284442416
Dok7,-0.05732300284442416
Npff,-0.05732300284442416
Crb1,-0.05732300284442416
Gm10701,-0.05732300284442416
Cgnl1,-0.05732300284442416
Gm5089,-0.05732300284442416
Tex52,-0.05732300284442416
Gm46102,-0.05732300284442416
Smad6,-0.05732300284442416
Alox5ap,-0.05732300284442416
Lancl3,-0.05732300284442416
Barx2,-0.05732300284442416
Gm43331,-0.05732300284442416
Slco1a4,-0.05732300284442416
Hyal1,-0.05732300284442416
Depdc7,-0.05732300284442416
Zic1,-0.05732300284442416
Hmcn1,-0.05732300284442416
Lepr,-0.05732300284442416
Moxd1,-0.05732300284442416
Gm46332,-0.05732300284442416
Mageb18,-0.05732300284442416
Tspan11,-0.05732300284442416
Nod1,-0.05732300284442416
Gm49041,-0.05732300284442416
Nat8f6,-0.05732300284442416
Slc6a13,-0.05732300284442416
C3ar1,-0.05732300284442416
Clec4a2,-0.05732300284442416
Trim47,-0.05732300284442416
Gm43463,-0.05732300284442416
Tbx18,-0.05732300284442416
Hhatl,-0.05732300284442416
Elf4,-0.05732300284442416
Tlr4,-0.05732300284442416
Hacd4,-0.05732300284442416
Asb12,-0.05732300284442416
Lgals3bp,-0.05732300284442416
Gm40645,-0.05732300284442416
C630043F03Rik,-0.05732300284442416
Prdm1,-0.05732300284442416
Cdh23,-0.05732300284442416
Exd1,-0.05732300284442416
Emilin2,-0.05732300284442416
Klf4,-0.05732300284442416
Svep1,-0.05732300284442416
Cysltr1,-0.05732300284442416
Arid3a,-0.05732300284442416
Ggt5,-0.05732300284442416
Zic2,-0.05732300284442416
Pth2r,-0.05732300284442416
Mybpc1,-0.05732300284442416
P2ry10b,-0.05732300284442416
Fzd2,-0.05732300284442416
Slfn8,-0.05732300284442416
Col4a6,-0.05732300284442416
Lef1,-0.05732300284442416
Gm30624,-0.05732300284442416
Gxylt2,-0.05732300284442416
Appbp2os,-0.05732300284442416
Rgs22,-0.05732300284442416
Retsat,-0.05732300284442416
Cd68,-0.05732300284442416
Col5a2,-0.05732300284442416
Gm10561,-0.05732300284442416
Slc40a1,-0.05732300284442416
Shcbp1l,-0.05743322023522538
Lpar1,-0.05746265229803145
Api5,-0.057491729849983984
Hist1h1c,-0.057520171237337936
Slc29a3,-0.057688551736484565
Tjp2,-0.057812830390659695
Ctr9,-0.057888779044321215
Pstpip2,-0.05793661820108259
Acly,-0.05801522944821884
Prkra,-0.05815327311141498
Mcm6,-0.058191205600095594
Pde4b,-0.058295681231280295
Hbegf,-0.05839430308036742
Efemp1,-0.05839430308036742
Ubtd1,-0.05839430308036742
Acot6,-0.05853744307858006
Filip1,-0.05856376025658526
Cd83,-0.0586171400944159
Gm26862,-0.0586171400944159
Laptm4b,-0.05861986877833407
Sox2ot,-0.05876815849995708
Nell1,-0.05899930149429375
Map7,-0.059066727750070006
Washc2,-0.05909747823037126
Kremen1,-0.0594475246098825
Siae,-0.0595077494178742
Dera,-0.05964890493656183
Ednrb,-0.059662719879213275
Chn2,-0.059666887120680946
Gmpr2,-0.05976724064157343
Slc25a47,-0.059824707674925724
Bmp4,-0.05992992172289429
Bcas1os2,-0.060121558355213975
Aatk,-0.060223683662518304
Capn5,-0.06023196097232553
Tbc1d9,-0.06027441915290763
Ralgds,-0.06035184949888238
Lipe,-0.06036241662505271
Tshz2,-0.06040379228573303
Erbb3,-0.060428794229001485
Col9a3,-0.060435852214559785
Jam3,-0.060879635088140836
Pou2f2,-0.060952213149025436
Spry4,-0.06120613371332425
Tulp4,-0.06130734437767485
Scamp2,-0.061343652196549754
Apbb1ip,-0.06165802768575864
Cttnbp2nl,-0.061900430298934474
Uty,-0.062075283578381074
Sec24d,-0.062190171850809474
Rnh1,-0.06270040035510331
Zfp462,-0.06272181584300618
Amotl2,-0.06300674023333196
Magt1,-0.06326580141595137
St8sia4,-0.06332910893167128
B3gat2,-0.06338582119750823
Traf6,-0.06341520353856926
Tafa2,-0.06390947190173059
Riok2,-0.06422676959925007
Plp1,-0.06423320351626619
BC067074,-0.06455409514805369
Arhgap12,-0.06469165444848511
Filip1l,-0.06479203931577962
Dek,-0.0648807176902241
Tmem132c,-0.06489458668621723
Fgfr3,-0.0649624938736134
Cyfip1,-0.06511288757232796
Rassf8,-0.065145865221069
Fut10,-0.06539266455511462
Gm50048,-0.06550992575874004
Kcnn2,-0.06556086272210414
Zc3hav1,-0.06556664608469238
Ankrd28,-0.06583763168481148
Gm29683,-0.06594267047365204
Cdc14a,-0.06601195027911527
2310022B05Rik,-0.06626316911539225
9130015G15Rik,-0.06626316911539225
Prim1,-0.06637344787758424
Spsb4,-0.066420079264325
Pms1,-0.06654873067182429
Lpar6,-0.0667651421960819
Luzp2,-0.06681008245250246
Tob2,-0.06692178610463445
Trmt9b,-0.06754741127739945
Rhbdd1,-0.06776915828192333
Rrbp1,-0.06778723127934394
Vcan,-0.06782093092380366
Stat1,-0.0680051321034397
Rfx4,-0.06806968002654681
Tbccd1,-0.06825326055297239
Cobll1,-0.06825444112684725
Ctsd,-0.06849887669273294
Tor3a,-0.06862518615391684
Gm28403,-0.06862518615391684
Slc2a13,-0.06868279226071106
Usp29,-0.068761488178793
Egfr,-0.06883161203166066
Rin2,-0.06926228819465406
Rnaset2a,-0.06941708605675746
Sema4b,-0.06946516112439187
Gm30382,-0.06947646505800187
Gtf2h2,-0.06969691327109936
Tmem176a,-0.06985366499049994
Hbp1,-0.06991142837019848
Tesk2,-0.06995058254520417
Sox5,-0.07025420323238006
Kctd8,-0.07035282879703357
Aldoc,-0.07039800966292248
Myo7a,-0.0704449810476861
Hbb-bs,-0.0704449810476861
Rbm47,-0.0704449810476861
9630001P10Rik,-0.0704449810476861
Gm46440,-0.0704449810476861
Slc5a11,-0.0704449810476861
Vasp,-0.0704449810476861
Mlxipl,-0.0704449810476861
Dhrs4,-0.0704449810476861
A330093E20Rik,-0.0704449810476861
Map6d1,-0.0704449810476861
Gm13710,-0.0704449810476861
Slc17a6,-0.0704449810476861
Gcnt1,-0.0704449810476861
Hck,-0.0704449810476861
Dnah14,-0.0704449810476861
Mef2b,-0.0704449810476861
Thbs4,-0.0704449810476861
1810034E14Rik,-0.0704449810476861
Glra3,-0.0704449810476861
Stpg2,-0.0704449810476861
Pdlim4,-0.0704449810476861
Pdgfrl,-0.0704449810476861
Fgf2,-0.0704449810476861
Sgk2,-0.0704449810476861
Styxl1,-0.0704449810476861
Htr7,-0.0704449810476861
1500015L24Rik,-0.0704449810476861
Gm36584,-0.0704449810476861
Zscan2,-0.0704449810476861
Gm47096,-0.0704449810476861
Dkk2,-0.0704449810476861
Gpr183,-0.0704449810476861
Mex3a,-0.0704449810476861
Fam129a,-0.0704449810476861
Fmo1,-0.0704449810476861
Stard8,-0.0704449810476861
Slc6a20a,-0.0704449810476861
P3h4,-0.0704449810476861
Ptpn6,-0.0704449810476861
Olfr111,-0.0704449810476861
Lmntd1,-0.0704449810476861
Col4a5,-0.0704449810476861
Grhpr,-0.0704449810476861
Galnt12,-0.0704449810476861
Acss3,-0.0704449810476861
Gprin3,-0.0704449810476861
Gbp7,-0.0704449810476861
Tek,-0.0704449810476861
Gm26510,-0.0704449810476861
Egflam,-0.0704449810476861
Slc6a20b,-0.0704449810476861
Cd300c2,-0.0704449810476861
1700047F07Rik,-0.0704449810476861
Lama3,-0.0704449810476861
Col1a2,-0.0704449810476861
Gm49171,-0.0704449810476861
Tgfb1,-0.0704449810476861
Pon3,-0.0704449810476861
Ninj1,-0.0704449810476861
Plk3,-0.0704449810476861
Bace2,-0.0704449810476861
Aldh16a1,-0.0704449810476861
Adgrg6,-0.0704449810476861
Gm5089-1,-0.0704449810476861
Cxcl12,-0.0704449810476861
Gm3417,-0.0704449810476861
Colec12,-0.0704449810476861
Tent5c,-0.0704449810476861
Steap3,-0.0704449810476861
Cyba,-0.0704449810476861
Pdp2,-0.0704449810476861
Rps27l,-0.0704449810476861
Zfp991,-0.0704449810476861
Gpr160,-0.0704449810476861
Pcdhgb6,-0.0704449810476861
Sv2c,-0.0704449810476861
2310014F06Rik,-0.0704449810476861
Stat6,-0.0704449810476861
Plin3,-0.0704449810476861
Map3k15,-0.0704449810476861
Adgrl4,-0.0704449810476861
Hk2,-0.0704449810476861
Cavin2,-0.0704449810476861
Fap,-0.0704449810476861
Soga1,-0.07066225831929807
Ackr3,-0.07101338491556021
Atad5,-0.07119788585011581
Rtl4,-0.07120810873524049
Zim1,-0.07120960366628815
Arl4c,-0.07183110780723695
Npc2,-0.0720138958737697
Rap2c,-0.07216615541404409
Hepacam,-0.07217548716055806
Tnr,-0.07224641936281885
Nfib,-0.07227046054355779
Eed,-0.07227972324760389
Msi1,-0.07227984307036522
Rcbtb1,-0.07237968321201438
Sall2,-0.07264015315075373
Arhgap24,-0.072823740839534
Cntnap5c,-0.07292231740964113
Tcp11l2,-0.07295911422966536
Cyp2j6,-0.07298254768397966
Fmn1,-0.07308899342036561
Marcksl1,-0.0731120030154716
Spata1,-0.07323809437371061
Tmbim1,-0.07364258520970093
Gucy2f,-0.07382431702243608
Echdc1,-0.07388260198079817
Lap3,-0.07408378197154959
Ppfibp1,-0.07433881168430855
4933431E20Rik,-0.07435274918825013
Cald1,-0.07489920510323254
Cyp4f13,-0.07514488798996286
Washc3,-0.07525826790733749
Smpdl3a,-0.07539045562798612
Rtkn,-0.07549776372719362
Rffl,-0.07565890600062627
Olig1,-0.07567210743462524
Arhgap31,-0.07571402615669356
Slco1c1,-0.07612061081568733
Gpr146,-0.07613182381425489
Gm4117,-0.07614420749654832
Fat1,-0.07638566846487982
Asah2,-0.07659388546593472
Scml2,-0.07663019656921831
Actb,-0.07667737571473596
Fbxo7,-0.07669418357945577
Poglut3,-0.076725562214775
Rnf122,-0.07679723673783884
Lima1,-0.07700572964225497
Bcar1,-0.07716323173646245
Cpt1a,-0.07729985776281871
Heatr5a,-0.0774002118063586
Tkt,-0.07747448971414364
Rbm20,-0.07759331871188056
Anapc16,-0.0776553165528178
Itgb1bp1,-0.07793800971580787
Il1rap,-0.07834265627101566
Btg1,-0.07875162937571947
Gm35188,-0.0787713934192065
Plaat3,-0.07898597104869337
Stk32b,-0.07909057217761672
Pcolce2,-0.07927612146468882
6530409C15Rik,-0.07960340561622643
Stk32a,-0.07965912594592083
Tap2,-0.0796872297579385
Man2b1,-0.07978597943170887
Cep97,-0.07999088141265114
Wdfy2,-0.08014179579398839
St18,-0.08066196549240612
Cep76,-0.08114954109073173
Tubgcp5,-0.08122487257886492
Mpdz,-0.08129709976421834
Gm20713,-0.08157421578869978
Tnfrsf19,-0.08158454951718731
Cyb561a3,-0.08162030675537375
Gm9895,-0.08162030675537375
Gdpd3,-0.08162030675537375
Tgfbr3,-0.08162030675537375
Wdfy4,-0.08162030675537375
Igfbp7,-0.08162030675537375
Tprn,-0.08162030675537375
Ggta1,-0.08162030675537375
Pcdhga2,-0.08162030675537375
Gm765,-0.08162030675537375
Adamts12,-0.08162030675537375
Smyd1,-0.08162030675537375
Gm12324,-0.08162030675537375
Myo1c,-0.08162030675537375
Fzd7,-0.08162030675537375
Gm49067,-0.08162030675537375
Tmem232,-0.08162030675537375
Slc8b1,-0.08162030675537375
St8sia2,-0.08162030675537375
Atp10a,-0.08162030675537375
D230022J07Rik,-0.08162030675537375
Trim30a,-0.08162030675537375
Chdh,-0.08162030675537375
Serpinh1,-0.08162030675537375
Arid5a,-0.08162030675537375
Isyna1,-0.08162030675537375
Gm45341,-0.08162030675537375
Htr4,-0.08162030675537375
Piezo2,-0.08162030675537375
Smoc2,-0.08162030675537375
Rbp1,-0.08162030675537375
Adi1,-0.08162030675537375
Spi1,-0.08162030675537375
Syt10,-0.08162030675537375
Ogn,-0.08162030675537375
Ccdc190,-0.08162030675537375
Olfml2b,-0.08162030675537375
Alyref2,-0.08162030675537375
Emx2,-0.08162030675537375
4932438H23Rik,-0.08162030675537375
Teddm2,-0.08162030675537375
Txnip,-0.08162030675537375
Gm43328,-0.08162030675537375
Gm36279,-0.08162030675537375
4930549C15Rik,-0.08162030675537375
Ddit4,-0.08162030675537375
Frem1,-0.08162030675537375
4930481A15Rik,-0.08162030675537375
Rpusd3,-0.08162030675537375
Cped1,-0.08162030675537375
Txnrd3,-0.08162030675537375
Aldh1l1,-0.08162030675537375
Fn1,-0.08162030675537375
Lrriq1,-0.08162030675537375
Gm11520,-0.08162030675537375
Gjc1,-0.08162030675537375
Rrs1,-0.08162030675537375
Spr,-0.08162126399305514
Acss2,-0.08166468815359922
Scly,-0.08177443921206412
Ctsf,-0.08193327505404377
Rcan3,-0.08202345196591156
Zfp518a,-0.082081868512276
Pvt1,-0.08237386684400355
Creb3l2,-0.0825289963767582
Jam2,-0.08253635052672174
C430049B03Rik,-0.0831817094826927
Parp9,-0.08355432049597324
Tmem60,-0.08376536568993218
Thsd1,-0.08386795740464152
Ptprm,-0.08404969506330402
Gm46430,-0.08406897270662127
E130114P18Rik,-0.08435524655371525
Chek2,-0.08440110866473849
Cpox,-0.08440667660249315
Cdk19,-0.0846425420085639
St6gal1,-0.08491949959717517
Gal3st1,-0.08511174307004092
Adam32,-0.08512381641848692
Smo,-0.08512954909018224
Frrs1,-0.0853089208301621
Arhgef28,-0.08532950085567652
Tmco4,-0.08533684352939847
Sparcl1,-0.08547317765482347
Zfp809,-0.08555419472374527
Acadl,-0.08579856902168242
Stard3,-0.08583587399733494
4931406C07Rik,-0.08602331053710008
Tmem108,-0.08608746460244635
Cpeb2,-0.08615356876336241
Lhfpl2,-0.08626057584555945
Fam189a2,-0.08628623889998718
Gm16168,-0.08658755573013177
Ptprb,-0.086642520084738
Dpysl3,-0.08676004743990828
Pxn,-0.0872695296109531
Epb41l2,-0.08744935307566168
Ednra,-0.08747631678403345
Zbtb7c,-0.08757299576470792
Adgrg1,-0.08873303279487739
Ttc41,-0.08885764714246244
Zfp276,-0.08898320331198635
Scd2,-0.08903557094376312
Plekho1,-0.08908263761451951
Rasgrf2,-0.08946060531667913
Prdx6,-0.08949673226639536
Matn4,-0.08966645769702057
Plekha1,-0.08973997490653048
Ctps,-0.0898599212055253
mt-Co1,-0.08988316930426637
Pax6,-0.09001500885148923
Leprot,-0.09021502769220613
Dock4,-0.09031869960520951
Rasa3,-0.0905111459110196
2900052L18Rik,-0.09096778086514694
Mroh3,-0.09106155108366273
Ermp1,-0.09108416090814916
Fli1,-0.09145176206357186
March3,-0.09145176206357186
Lrig1,-0.09150679532256843
Vrk2,-0.09153873854449347
Col9a1,-0.09156622904846357
Ticam1,-0.09156622904846357
Lrrc61,-0.09156622904846357
Irf5,-0.09156622904846357
Ctsc,-0.09156622904846357
Cyth4,-0.09156622904846357
Capn3,-0.09156622904846357
Isoc2a,-0.09156622904846357
Vim,-0.09156622904846357
Syk,-0.09156622904846357
Cfap299,-0.09156622904846357
Pfkfb3,-0.09156622904846357
Cox15,-0.09156622904846357
BC034090,-0.09156622904846357
Dnah11,-0.09156622904846357
Ncf2,-0.09156622904846357
Gm29455,-0.09156622904846357
Fbxo5,-0.09156622904846357
Rnf113a2,-0.09156622904846357
Abhd14b,-0.09156622904846357
Fzd8,-0.09156622904846357
Npsr1,-0.09156622904846357
A230009B12Rik,-0.09156622904846357
Gpc3,-0.09156622904846357
Gm10754,-0.09156622904846357
L3mbtl4,-0.09156622904846357
Col15a1,-0.09156622904846357
Cbs,-0.09156622904846357
A230072E10Rik,-0.09156622904846357
Pelo,-0.09156622904846357
Zdhhc12,-0.09156622904846357
Rnd3,-0.09156622904846357
Vamp5,-0.09156622904846357
Myh6,-0.09156622904846357
BC046251,-0.09156622904846357
Snrnp35,-0.09156622904846357
Elovl1,-0.09156622904846357
A830008E24Rik,-0.09156622904846357
Sft2d2,-0.09156622904846357
Ino80c,-0.09156622904846357
Ddc,-0.09156622904846357
Gm11837,-0.09156622904846357
Gng5,-0.09156622904846357
Trem2,-0.09156622904846357
Prps2,-0.09160409099502814
Tspan12,-0.09194947737763436
Il17rd,-0.0920891357717462
Cd81,-0.09210061341470475
Ankrd13a,-0.09225990090169722
Chd7,-0.09265898656569459
Als2cl,-0.0928356152250628
Abhd3,-0.09283870957189631
Bcl6,-0.09288659088955904
F8,-0.09299681265405696
Sh3tc2,-0.09306209648182394
Dll1,-0.09313362364439393
St3gal6,-0.09377583800995663
Fbxo4,-0.09406590077676309
Ptpre,-0.09408266496982294
Trpc3,-0.09426784655425231
BC024063,-0.09495331493503444
Ccm2,-0.09507271307220239
Dock6,-0.09554440092818785
Agpat4,-0.09594533016605636
Ikbip,-0.09607094720009615
Ptprz1,-0.09652086499479064
B2m,-0.09665640290204706
Bbs9,-0.09678012072765149
Ankfn1,-0.0969318047791938
Fstl4,-0.09716852552733965
Abca2,-0.09823880761907057
Kirrel3,-0.09916678661556409
Dpy19l1,-0.09927378582620455
Add3,-0.0993502242587425
Rhbdl2,-0.09954641264285527
Wbp1,-0.09970659077129249
Pcdh17,-0.09980193334942011
Sik3,-0.09980419709245723
Crppa,-0.09988943073348121
Ppp1r15b,-0.10019507652457216
Myrf,-0.10030918862966394
Hmg20b,-0.1006494376724883
Casp6,-0.1006494376724883
Mcam,-0.1006494376724883
Gm34868,-0.1006494376724883
Ndst4,-0.1006494376724883
Smpd2,-0.1006494376724883
Prkch,-0.1006494376724883
Sema4c,-0.1006494376724883
Lrrk1,-0.1006494376724883
Ahnak,-0.1006494376724883
Erich2,-0.1006494376724883
Trim56,-0.1006494376724883
Gm36988,-0.1006494376724883
Zfp217,-0.1006494376724883
Calb1,-0.1006494376724883
Pigz,-0.1006494376724883
Glmp,-0.1006494376724883
A930006K02Rik,-0.1006494376724883
Rps6ka1,-0.1006494376724883
Mpv17l2,-0.1006494376724883
Hpgd,-0.1006494376724883
Pdgfd,-0.1006494376724883
Inhba,-0.1006494376724883
Slc25a13,-0.10076226542386654
Chrna7,-0.10107216015776681
mt-Atp6,-0.10231433713236375
Pdzrn3,-0.10231723641285764
Rell1,-0.10289294936071948
Ugt8a,-0.10314597392813933
Myo10,-0.10316950851549851
Bmpr1a,-0.10336518675931491
Grk4,-0.10342800353393544
Gsn,-0.1034563002799431
Sox2,-0.1034779445868673
Slc6a9,-0.1034806509846304
Rps6ka5,-0.10389295326955902
Plxnb1,-0.10389361166655893
Mbnl1,-0.10421887924210084
Arhgef1,-0.10470169195011036
Marc2,-0.10513703664042372
Gm35438-1,-0.10519111706558545
Gpsm2,-0.1055157393309327
Ust,-0.10560751053148282
Sh3bp4,-0.10582934787657573
0610040J01Rik,-0.10584231428424139
Rnf213,-0.10593685444836519
Has2os,-0.10711277442307188
Pgm1,-0.10717635027785836
9630013A20Rik,-0.10742588828880127
Abat,-0.10759966794150588
Dbx2,-0.10786309597092275
Bach2,-0.10842467095723698
Tox3,-0.10877571375524062
Pdcd4,-0.10897357572638543
Il17rb,-0.1090871127658206
Tex22,-0.1090871127658206
5830408C22Rik,-0.1090871127658206
Gm15614,-0.1090871127658206
Prom1,-0.1090871127658206
Zfhx2os,-0.1090871127658206
Cd82,-0.1090871127658206
Samd9l,-0.1090871127658206
Myh14,-0.1090871127658206
Gm13778,-0.1090871127658206
Pamr1,-0.1090871127658206
Lmo2,-0.1090871127658206
Srd5a3,-0.1090871127658206
Dhodh,-0.1090871127658206
Cmya5,-0.1090871127658206
Cyp39a1,-0.1090871127658206
Sh3bp2,-0.1090871127658206
Oaf,-0.1090871127658206
Cdk18,-0.1090871127658206
Cpne7,-0.1090871127658206
Srpk3,-0.10949874700049358
Klf13,-0.10953078178274855
Ugp2,-0.1098207627102244
Homer1,-0.10983778608243137
Ccnjl,-0.11000213705305958
Insyn2b,-0.11018424442232487
2810410L24Rik,-0.11018746600898689
Amot,-0.11057996425080122
Gm11149,-0.11066972464355525
Usp53,-0.11106209249586638
Elovl5,-0.11179584937750996
Zfpm2,-0.11186361397828752
Fam102b,-0.11217549607934284
Tbc1d8b,-0.11232031576698935
Satb1,-0.11261746078449163
Sema6d,-0.11277316978257315
Ddr2,-0.11280036115526697
Slc5a7,-0.11285487084084038
Mt2,-0.11291571627986333
Gnb4,-0.11338386587995343
Tmem163,-0.11360089518295538
Acsl6,-0.11363940075599845
Srgap2,-0.11375186781045006
Dip2a,-0.11376964831488692
Mmp14,-0.11398858432784946
Slc12a9,-0.11429774090836782
Gm26512,-0.11460729085409369
Slc22a23,-0.11501135932470387
Sst,-0.11515243173540107
Ptpro,-0.11520989151297008
Agl,-0.11540852394539626
Adgrv1,-0.11553232752508244
Cux1,-0.11577171100676047
Abhd5,-0.11578352758392182
Cks2,-0.11624933762427657
Slc15a4,-0.11628793563533861
Pdlim5,-0.11648657560010002
Limd1,-0.11676086654931626
Igfbp2,-0.11702035663403149
Gm26760,-0.11702035663403149
Oser1,-0.11702035663403149
Fam163a,-0.11702035663403149
Gm19705,-0.11702035663403149
AW011738,-0.11702035663403149
Zfp184,-0.11702035663403149
Smarcd2,-0.11702035663403149
Pakap,-0.11714296725925454
Chst2,-0.11727867416390761
Ramp2,-0.11730868474315406
Fam13c,-0.11747630890989816
Pag1,-0.11770638576899393
P3h2,-0.11820347371585836
Rftn2,-0.11864335592094159
Sorcs1,-0.11864945161680149
Bpgm,-0.1187113338435975
E130308A19Rik,-0.11872627797585875
Patz1,-0.11956767561967757
Pla2g7,-0.1196552938132146
Rps28,-0.11966824258608236
Gjc3,-0.119985933232308
Ophn1,-0.12005846284803895
H2-D1,-0.12006533828735991
Tmem164,-0.12036279400627797
Asf1a,-0.12037272091068804
Rnf2,-0.1205329039865716
Zfp36l1,-0.12059701214701886
Gm37494,-0.12069323927929218
Itga9,-0.12069539308648823
Vangl1,-0.12151876994454949
Nfatc2,-0.12161117247608054
Iffo1,-0.12168208904457796
Zfyve26,-0.12205559032295134
Arhgap5,-0.1221284132588921
Inppl1,-0.12255495530609506
Pdzrn4,-0.12306673372335956
Rbms1,-0.12390413887737196
Lgr4,-0.1239413376324384
Tnfrsf1a,-0.12454691350754112
Plch1,-0.12454691350754112
Eya2,-0.12454691350754112
Gpr88,-0.12454691350754112
Mdga1,-0.12454691350754112
Kcnrg,-0.12454691350754112
Plekhf2,-0.12454691350754112
9330111N05Rik,-0.12454691350754112
Lacc1,-0.12454691350754112
1700054A03Rik,-0.1245475853305353
mt-Nd5,-0.1246078338338618
2310002F09Rik,-0.12490585891116938
Cyp51,-0.1257969271568106
Snx8,-0.1260660364534548
Gm17750,-0.1260696886703447
Traf4,-0.1261966150058793
Fkbp9,-0.12621469923229142
Pik3r3,-0.12624307389024858
Cflar,-0.12628225520929504
Zfp579,-0.12670033097649105
Chst3,-0.1273339410168541
Slc35b2,-0.1273542878868552
Bfsp2,-0.12754593712944182
Amotl1,-0.1276857246277304
Kdm5d,-0.1278554768976845
Map3k14,-0.12792640891195928
Tmem243,-0.12931131727906886
Myt1,-0.12974685816151685
Ppara,-0.13001055551858648
Timp3,-0.13025175595515057
Lrmda,-0.13051497344869084
Tm7sf3,-0.1305263447492985
D16Ertd472e,-0.13074929979885513
Adra1a,-0.13143133276293495
Gm37679,-0.1317377667826331
Cib2,-0.1317377667826331
Ganc,-0.1317377667826331
Stard5,-0.1317377667826331
Ddx58,-0.1317377667826331
Arhgap15,-0.1317377667826331
Trpc4,-0.1317377667826331
Rgs12,-0.13227292187642858
Stxbp3,-0.13275297557261256
Cdh12,-0.13284115079148143
Ctbs,-0.13284306395326081
Pld1,-0.13471175064872695
Arsk,-0.13668694489555872
Lcorl,-0.13695537150146972
Aldh6a1,-0.1371560251376818
Adarb2,-0.1374724361732923
Maml1,-0.13772574664984172
Pgls,-0.13789369230263115
Ppargc1a,-0.13817572267763242
Kyat3,-0.13864637210937328
Zfp120,-0.13864637210937328
Parva,-0.13864637210937328
Tmem229a,-0.13864637210937328
Snx18,-0.13932977663157525
Cd302,-0.13948816107506173
Mfsd2a,-0.14019121482156818
Ifnar2,-0.1403480717487704
S100a1,-0.14282216436226533
Nde1,-0.14326722269690736
Hipk2,-0.14332576862845928
Aamp,-0.14440148861473384
Col11a1,-0.144633675554144
Tcf7l2,-0.14530261917425719
Fancb,-0.14531416328270103
Sdc2,-0.14674893399311267
Errfi1,-0.14677525994965412
Spsb1,-0.14713086252306673
Nfia,-0.15004818070600803
Enpp2,-0.1509819282685875
Ntn4,-0.15148025191247458
Nedd9,-0.15177401892025744
Ivns1abp,-0.15185462420491913
Efcab14,-0.15274939369759893
Paqr8,-0.1544365477799793
Ccdc50,-0.15453409830112347
Fyn,-0.15541655900565426
Mitf,-0.15784811317551653
Rerg,-0.15805254285837747
Pcdh19,-0.1581079191482412
Slc24a3,-0.1591502251492855
Thap3,-0.16059499736340366
Ror1,-0.16175480213548535
Pros1,-0.16177478964967465
Clu,-0.1626501443317004
H2-K1,-0.16417161928019974
Syde2,-0.16417161928019974
Aph1a,-0.16417161928019974
Etv6,-0.16575747272147304
Bcas1,-0.1686845493363063
Btd,-0.17014950580447422
Pter,-0.17067190675520377
Mtss2,-0.1716260803995964
Frmpd1,-0.1735432943512317
Cd9,-0.1756808516318948
Lpcat3,-0.17675437006405476
Tuba1a,-0.17699531282428602
Nwd2,-0.18174112995407002
Wscd1,-0.18422148965047763
Myh9,-0.19292204091134443
Gramd1c,-0.19614789560383006
Caskin2,-0.19633937554563416
Ripk1,-0.1966357532166177
Sox8,-0.22663710692557212
Klhl5,-0.23988456104977515
